PRAGMA foreign_keys = ON;

/* Pessoa(NIF,Nome,Morada,CPostal,DataNascimento,Telemovel,Email) */

/*STAFF*/
INSERT INTO Pessoa VALUES(245684123,'Philippe Vergne','Rua Doutor Eduardo Santos Silva 298','4200-000','1966-01-01','911222333','philippevergne@serralves.pt' ); /*Curador*/
INSERT INTO Pessoa VALUES( 212222333,'João Teixeira','Rua Maria Gomes 78 2ºD','4200-111','1985-08-28','923456789','joaoteixeira82@sapo.pt' ); /*Segurança*/
INSERT INTO Pessoa VALUES( 286783411,'Maria Moutinho','Rua do Senhor 228 1ºE','4310-122','1951-07-19','933341234','mariamoutinho@gmail.com' );  /*Vigilante*/
INSERT INTO Pessoa VALUES( 125875123,'Marcelo Leite','Avenida Xanana Gusmão 234 4ºD','4460-641','1955-01-22','945321652','marceloleite@serralves.pt' ); /*Balcão/Vendedor*/
INSERT INTO Pessoa VALUES( 256132415,'Manuel Ferraz','Rua de Recarei 781 2ºE','4460-221','1979-11-06','954647489','manuelferraz1969@gmail.com' ); /*Vigilante*/
INSERT INTO Pessoa VALUES( 123687642,'Mónica Silva','Rua Gomes Freire 455 6ºE','4120-323','1984-02-01','987635464','monicasilva@serralves.pt' ); /*Balcão/Vendedora*/
INSERT INTO Pessoa VALUES( 265732173,'Rui Oliveira','Rua Nossa Senhora de Fátima 111','4100-121','1962-07-21','911423434','ruioliveira11@gmail.com' ); /*Segurança*/
INSERT INTO Pessoa VALUES( 121542324,'José Silveira','Rua Professor Texeira 444 1ºD','4340-111','1994-02-31','933444489','josesilveira94@gmail.com' ); /*Segurança*/
INSERT INTO Pessoa VALUES( 264545173,'Jorge Oliveira','Rua 29','4170-121','1977-09-22','913455364','jorgeoliveira@gmail.com' ); /*Segurança*/
INSERT INTO Pessoa VALUES( 233335324,'Miguel Matias','Rua Heitor Horat 42','4311-122','1969-12-22','914422489','miguelmatias22@gmail.com' ); /*Segurança*/
INSERT INTO Pessoa VALUES( 278565321,'Ana Ribeiro','Rua da Padeira 334 1ºC','4130-220','1972-01-19','923342349','anarib8988@outlook.com.pt' ); /*Vigilante*/
INSERT INTO Pessoa VALUES( 236545335,'Filipa Silva','Rua Manuela Gomes 78 2ºD','4260-128','1967-08-08','912333449','filipasilva13@hotmail.com' ); /*Vigilante*/

INSERT INTO Pessoa VALUES( 576309283,'Eduarda Monteiro','Rua das Pombas 98','4427-814','1970-05-25','912929292','eduardamonteiro@gmail.com' );  /*Vigilante*/
INSERT INTO Pessoa VALUES( 101029353,'Rogério Madeira','Avenida dos Caquinhos 34 4ºE','4800-023','1959-07-10','918282823','rogeriomadeira@gmail.com' );  /*Vigilante*/
INSERT INTO Pessoa VALUES( 643572859,'Gustavo Santos','Rua Abade Tagilde 200','4830-145','1959-10-19','934545637','gustavosantos@gmail.com' );  /*Vigilante*/
INSERT INTO Pessoa VALUES( 202020303,'Márcio Pereira','Rua do Monte 407 1ºE','4502-101','1980-03-18','933987881','marciopereira@gmail.com' );  /*Vigilante*/
INSERT INTO Pessoa VALUES( 204060809,'José Almeida','Travessa da Areosa 77 3ºD','4800-123','1990-01-01','967878976','josealmeida@gmail.com' );  /*Vigilante*/
INSERT INTO Pessoa VALUES( 398563478,'Jorge Gomes','Rua do Almeida 24','4800-230','1987-11-21','910234957','jorgegomes@gmail.com' );  /*Vigilante*/
INSERT INTO Pessoa VALUES( 204060848,'Felizberta Macedo','Rua Dr. José Afonso 180','4290-398','1974-04-25','914352968','felizbertamacedo@gmail.com' );  /*Vigilante*/
INSERT INTO Pessoa VALUES( 879367829,'Rodrigo Sá','Avenida S. Gonçalo 980 8ºD','4820-098','1978-12-25','969193919','rodrigosa@gmail.com' );  /*Vigilante*/
INSERT INTO Pessoa VALUES( 252020492,'Lúcia Ribeiro','Travessa do Fundo 420','4850-783','1986-05-28','965230425','luciaribeiro@gmail.com' );  /*Vigilante*/
INSERT INTO Pessoa VALUES( 144444420,'Tiago Pacheco','Rua de Silvares 1454 2ºE','4450-048','1991-02-11','913452637','tiagopacheco@gmail.com' );  /*Vigilante*/
/*CLIENTES NORMAIS*/
INSERT INTO Pessoa VALUES( 223445643,'Sofia Germer','Rua General Monteiro 233','5260-139','1994-03-23','914234649','sofiagermer@hotmail.com' );
INSERT INTO Pessoa VALUES( 274081181,'Cristina Vilariça Salazar','Rua Diogo Botelho 1327','4169-005','1953-08-10','924871454','crisvila@hotmail.com' );
INSERT INTO Pessoa VALUES( 284945786,'Raul Eiró Keil','Rua Câmara Pestana 348','4369-004','1993-11-23','943290878','rauleiro@hotmail.com' );
INSERT INTO Pessoa VALUES( 276162592,'Eusébio Fernandes Rolim','Rua do Caneiro 23','4415-678','1955-03-11','923515760','eusebiorolim@hotmail.com' );
INSERT INTO Pessoa VALUES( 207540028,'Rahyssa Mota Maia','Rua Amelia Cardoso 344','4001-129','1989-01-23','987375510','rahyssamaia@hotmail.com' );
INSERT INTO Pessoa VALUES( 200906945,'Carlos Severo Meira','Rua Maria Teixeira 213 6ºD','4000-789','1962-04-05','933452440','carlossevero@hotmail.com' );
INSERT INTO Pessoa VALUES( 263655958,'Emanuelle Simas Fialho','Rua da Escola 98 1ºD','4260-654','1964-11-03','935897463','emanuellefialho@hotmail.com' );
INSERT INTO Pessoa VALUES( 247305416,'Assunção Salgueiro Mansilha','Rua Manuel Sampaio 2223','4440-155','1976-06-08','924961512','assuncaosalgueiro@hotmail.com' );
INSERT INTO Pessoa VALUES( 236950000,'Nicolas Semedo Quintas','Rua da Praia Velha 990','4960-139','1974-05-11','919485729','nicolasquintas@hotmail.com' );
INSERT INTO Pessoa VALUES( 236233277,'Marcos Valido Diegues','Rua da Placa de Madeira 222 3ºE','3215-139','1974-02-19','913709951','marcosdiegues@hotmail.com' );
/*CLIENTES AMIGOS*/
INSERT INTO Pessoa VALUES( 217936163,'Aryana Abranches Póvoas','Rua Engenheiro Lopes 45','5777-159','1993-11-16','968959062','aryanapovoas@hotmail.com' );
INSERT INTO Pessoa VALUES( 281609824,'Ema Milhães Lameira','Rua da Saude 2323 1ºD','3747-122','1950-04-16','929275910','emalameira@hotmail.com' );
INSERT INTO Pessoa VALUES( 277026828,'Amelia Furtado Barbosa','Rua Quintal Bonito 13','4800-115','1970-03-01','936472681','ameliafurtado@hotmail.com' );
INSERT INTO Pessoa VALUES( 275288040,'Vitor Bilhalva Beiriz','Rua Florbela Espanca 123 2ºE','4770-166','1965-04-07','916512519','vitorbilhalva@hotmail.com' );
INSERT INTO Pessoa VALUES( 286037192,'Jéssica Torquato Matosinhos','Praceta Mouzinho Silveira 198 3º Poente','4045-889','1999-11-16','966684185','jessicatorquato@hotmail.com' );



/* Staff(NIF,NISS,Salario) */

INSERT INTO Staff VALUES(245684123,'12345678912',8000);/*Curador*/
INSERT INTO Staff VALUES(212222333,'12342338912',1000);/*Segurança*/
INSERT INTO Staff VALUES(265732173,'12312588919',1000);/*Segurança*/
INSERT INTO Staff VALUES(233335324,'34652588919',1000);/*Segurança*/
INSERT INTO Staff VALUES(286783411,'23523523412',800);/*Vigilante*/
INSERT INTO Staff VALUES(125875123,'54233423423',1000);/*Balcão/Vendedor*/
INSERT INTO Staff VALUES(256132415,'23543242322',800);/*Vigilante*/
INSERT INTO Staff VALUES(123687642,'75423423423',1000);/*Balcão/Vendedora*/
INSERT INTO Staff VALUES(264545173,'44565682345',1000);/*Segurança*/
INSERT INTO Staff VALUES(121542324,'23544564532',1000);/*Segurança*/
INSERT INTO Staff VALUES(278565321,'12343465678',800);/*Vigilante*/
INSERT INTO Staff VALUES(236545335,'86723412345',800);/*Vigilante*/

INSERT INTO Staff VALUES(576309283,'49302857102',800);/*Vigilante*/
INSERT INTO Staff VALUES(101029353,'28193028475',800);/*Vigilante*/
INSERT INTO Staff VALUES(643572859,'77962312943',800);/*Vigilante*/
INSERT INTO Staff VALUES(202020303,'45824255807',800);/*Vigilante*/
INSERT INTO Staff VALUES(204060809,'54132908340',800);/*Vigilante*/
INSERT INTO Staff VALUES(398563478,'65180816709',800);/*Vigilante*/
INSERT INTO Staff VALUES(204060848,'99464024350',800);/*Vigilante*/
INSERT INTO Staff VALUES(879367829,'76801823103',800);/*Vigilante*/
INSERT INTO Staff VALUES(252020492,'63865999745',800);/*Vigilante*/
INSERT INTO Staff VALUES(144444420,'39504422890',800);/*Vigilante*/

/* Espaco(IDEspaco,Nome,Interior) */

INSERT INTO Espaco VALUES(1,'Museu de Serralves',TRUE);
INSERT INTO Espaco VALUES(2,'Casa de Serralves',TRUE);
INSERT INTO Espaco VALUES(3,'Casa do Cinema Manoel Oliveira',TRUE);
INSERT INTO Espaco VALUES(4,'Parque de Serralves',FALSE);


/* Esposicao (IDExposicao,Nome,Descricao,Inicio,Fim,NIF) */

INSERT INTO Exposicao VALUES(
    1,
    'Coleção Serralves',
    'A Coleção de Serralves integra atualmente para cima de 4300 obras, das quais mais de 1700 são propriedade da Fundação de Serralves e as restantes 2600, provenientes de várias coleções privadas e públicas, foram objeto de depósito de longo prazo. De entre os acervos depositados em Serralves que constituíram pontos de referência para o desenvolvimento da Coleção de Serralves contam-se a coleção da Secretaria de Estado da Cultura e a coleção da Fundação Luso-Americana para o Desenvolvimento (FLAD). A Coleção de Serralves inclui ainda cerca de 5000 livros e edições de artistas.',
    '06-06-1999',
    NULL,
    245684123
);

INSERT INTO Exposicao VALUES(
    2,
    'Filmografia de Manoel de Oliveira',
    'Exposição permanente das obras cinematográficas de Manoel de Oliveira.',
    '24-06-2019',
    NULL,
    245684123
);



/* Horario(IDHorario,HoraEntrada,HoraSaida) */

INSERT INTO Horario VALUES (1,'09:00','17:00');
INSERT INTO Horario VALUES (2,'10:00','18:00');
INSERT INTO Horario VALUES (3,'14:00','22:00');
INSERT INTO Horario VALUES (4,'08:00','16:00');



/* ExposicaoEspaco(IDExposicao,IDEspaco) */

INSERT INTO ExposicaoEspaco VALUES(1,1);
INSERT INTO ExposicaoEspaco VALUES(2,3);



/* HorarioStaff(IDHorario,NIF) */

INSERT INTO HorarioStaff VALUES(1,245684123); /*Curador*/
INSERT INTO HorarioStaff VALUES(2,125875123);
INSERT INTO HorarioStaff VALUES(2,123687642);
INSERT INTO HorarioStaff VALUES(2,286783411);
INSERT INTO HorarioStaff VALUES(2,256132415);
INSERT INTO HorarioStaff VALUES(2,278565321);
INSERT INTO HorarioStaff VALUES(2,236545335);
INSERT INTO HorarioStaff VALUES(4,212222333);/*Segurança*/
INSERT INTO HorarioStaff VALUES(3,265732173);/*Segurança*/
INSERT INTO HorarioStaff VALUES(4,121542324);/*Segurança*/
INSERT INTO HorarioStaff VALUES(3,264545173);/*Segurança*/
INSERT INTO HorarioStaff VALUES(3,233335324);/*Segurança*/

INSERT INTO HorarioStaff VALUES(2,576309283);
INSERT INTO HorarioStaff VALUES(2,101029353);
INSERT INTO HorarioStaff VALUES(2,643572859);
INSERT INTO HorarioStaff VALUES(2,202020303);
INSERT INTO HorarioStaff VALUES(2,204060809);
INSERT INTO HorarioStaff VALUES(2,398563478);
INSERT INTO HorarioStaff VALUES(2,204060848);
INSERT INTO HorarioStaff VALUES(2,879367829);
INSERT INTO HorarioStaff VALUES(2,252020492);
INSERT INTO HorarioStaff VALUES(2,144444420);



/* Seguranca(NIF,Espaco) */

INSERT INTO Seguranca VALUES(212222333,1);
INSERT INTO Seguranca VALUES(233335324,3);
INSERT INTO Seguranca VALUES(265732173,1);
INSERT INTO Seguranca VALUES(121542324,2);
INSERT INTO Seguranca VALUES(264545173,2);



/* TipoAmigo(IDTipoAmigo,Preco) */

INSERT INTO TipoAmigo VALUES(1,'Senior',25);
INSERT INTO TipoAmigo VALUES(2,'Estudante',25);
INSERT INTO TipoAmigo VALUES(3,'Familia',75);
INSERT INTO TipoAmigo VALUES(4,'Normal',50);
INSERT INTO TipoAmigo VALUES(5,'Professor',25);



/* Amigo(NIF,NIB,IDTipoAmigo) */

INSERT INTO Amigo VALUES(217936163,'666500922042036281089',4);
INSERT INTO Amigo VALUES(281609824,'126882266917860383235',1);
INSERT INTO Amigo VALUES(277026828,'980763701601219032385',5);
INSERT INTO Amigo VALUES(275288040,'864204262228456258706',3);
INSERT INTO Amigo VALUES(286037192,'593685959555612045344',2);

/*
Fatura (IDFatura,Valor,NIF)
Bilhete (IDBilhete,Desconto)
TipoBilhete(Nome,Preco,IDEspaco,IDBilhete)
Compra(IDFatura,NIF,IDBilhete)
*/

INSERT INTO Fatura VALUES( 1 ,20,125875123);
INSERT INTO Bilhete VALUES( 1 ,NULL);
INSERT INTO TipoBilhete VALUES('Bilhete Geral',20,1, 1 );
INSERT INTO TipoBilhete VALUES('Bilhete Geral',20,2, 1 );
INSERT INTO TipoBilhete VALUES('Bilhete Geral',20,3, 1 );
INSERT INTO TipoBilhete VALUES('Bilhete Geral',20,4, 1 );
INSERT INTO Compra VALUES( 1 ,NULL, 1 );
INSERT INTO Fatura VALUES( 2 ,12,123687642);
INSERT INTO Bilhete VALUES( 2 ,NULL);
INSERT INTO TipoBilhete VALUES('Bilhete Casa do Cinema',12,3, 2 );
INSERT INTO Compra VALUES( 2 ,NULL, 2 );
INSERT INTO Fatura VALUES( 3 ,20,125875123);
INSERT INTO Bilhete VALUES( 3 ,NULL);
INSERT INTO TipoBilhete VALUES('Bilhete Geral',20,1, 3 );
INSERT INTO TipoBilhete VALUES('Bilhete Geral',20,2, 3 );
INSERT INTO TipoBilhete VALUES('Bilhete Geral',20,3, 3 );
INSERT INTO TipoBilhete VALUES('Bilhete Geral',20,4, 3 );
INSERT INTO Compra VALUES( 3 ,NULL, 3 );
INSERT INTO Fatura VALUES( 4 ,12,125875123);
INSERT INTO Bilhete VALUES( 4 ,0.5);
INSERT INTO TipoBilhete VALUES('Bilhete Parque',12,4, 4 );
INSERT INTO Compra VALUES( 4 ,NULL, 4 );
INSERT INTO Fatura VALUES( 5 ,12,125875123);
INSERT INTO Bilhete VALUES( 5 ,NULL);
INSERT INTO TipoBilhete VALUES('Bilhete Casa do Cinema',12,3, 5 );
INSERT INTO Compra VALUES( 5 ,NULL, 5 );
INSERT INTO Fatura VALUES( 6 ,20,125875123);
INSERT INTO Bilhete VALUES( 6 ,NULL);
INSERT INTO TipoBilhete VALUES('Bilhete Geral',20,1, 6 );
INSERT INTO TipoBilhete VALUES('Bilhete Geral',20,2, 6 );
INSERT INTO TipoBilhete VALUES('Bilhete Geral',20,3, 6 );
INSERT INTO TipoBilhete VALUES('Bilhete Geral',20,4, 6 );
INSERT INTO Compra VALUES( 6 ,NULL, 6 );
INSERT INTO Fatura VALUES( 7 ,12,123687642);
INSERT INTO Bilhete VALUES( 7 ,NULL);
INSERT INTO TipoBilhete VALUES('Bilhete Museu',12,1, 7 );
INSERT INTO Compra VALUES( 7 ,NULL, 7 );
INSERT INTO Fatura VALUES( 8 ,20,125875123);
INSERT INTO Bilhete VALUES( 8 ,NULL);
INSERT INTO TipoBilhete VALUES('Bilhete Geral',20,1, 8 );
INSERT INTO TipoBilhete VALUES('Bilhete Geral',20,2, 8 );
INSERT INTO TipoBilhete VALUES('Bilhete Geral',20,3, 8 );
INSERT INTO TipoBilhete VALUES('Bilhete Geral',20,4, 8 );
INSERT INTO Compra VALUES( 8 ,NULL, 8 );
INSERT INTO Fatura VALUES( 9 ,20,125875123);
INSERT INTO Bilhete VALUES( 9 ,NULL);
INSERT INTO TipoBilhete VALUES('Bilhete Geral',20,1, 9 );
INSERT INTO TipoBilhete VALUES('Bilhete Geral',20,2, 9 );
INSERT INTO TipoBilhete VALUES('Bilhete Geral',20,3, 9 );
INSERT INTO TipoBilhete VALUES('Bilhete Geral',20,4, 9 );
INSERT INTO Compra VALUES( 9 ,NULL, 9 );
INSERT INTO Fatura VALUES( 10 ,12,125875123);
INSERT INTO Bilhete VALUES( 10 ,NULL);
INSERT INTO TipoBilhete VALUES('Bilhete Parque',12,4, 10 );
INSERT INTO Compra VALUES( 10 ,NULL, 10 );
INSERT INTO Fatura VALUES( 11 ,20,125875123);
INSERT INTO Bilhete VALUES( 11 ,NULL);
INSERT INTO TipoBilhete VALUES('Bilhete Geral',20,1, 11 );
INSERT INTO TipoBilhete VALUES('Bilhete Geral',20,2, 11 );
INSERT INTO TipoBilhete VALUES('Bilhete Geral',20,3, 11 );
INSERT INTO TipoBilhete VALUES('Bilhete Geral',20,4, 11 );
INSERT INTO Compra VALUES( 11 ,223445643, 11 );
INSERT INTO Fatura VALUES( 12 ,12,123687642);
INSERT INTO Bilhete VALUES( 12 ,NULL);
INSERT INTO TipoBilhete VALUES('Bilhete Parque',12,4, 12 );
INSERT INTO Compra VALUES( 12 ,NULL, 12 );
INSERT INTO Fatura VALUES( 13 ,20,125875123);
INSERT INTO Bilhete VALUES( 13 ,NULL);
INSERT INTO TipoBilhete VALUES('Bilhete Geral',20,1, 13 );
INSERT INTO TipoBilhete VALUES('Bilhete Geral',20,2, 13 );
INSERT INTO TipoBilhete VALUES('Bilhete Geral',20,3, 13 );
INSERT INTO TipoBilhete VALUES('Bilhete Geral',20,4, 13 );
INSERT INTO Compra VALUES( 13 ,NULL, 13 );
INSERT INTO Fatura VALUES( 14 ,12,123687642);
INSERT INTO Bilhete VALUES( 14 ,NULL);
INSERT INTO TipoBilhete VALUES('Bilhete Casa do Cinema',12,3, 14 );
INSERT INTO Compra VALUES( 14 ,NULL, 14 );
INSERT INTO Fatura VALUES( 15 ,20,125875123);
INSERT INTO Bilhete VALUES( 15 ,NULL);
INSERT INTO TipoBilhete VALUES('Bilhete Geral',20,1, 15 );
INSERT INTO TipoBilhete VALUES('Bilhete Geral',20,2, 15 );
INSERT INTO TipoBilhete VALUES('Bilhete Geral',20,3, 15 );
INSERT INTO TipoBilhete VALUES('Bilhete Geral',20,4, 15 );
INSERT INTO Compra VALUES( 15 ,223445643, 15 );
INSERT INTO Fatura VALUES( 16 ,12,125875123);
INSERT INTO Bilhete VALUES( 16 ,NULL);
INSERT INTO TipoBilhete VALUES('Bilhete Parque',12,4, 16 );
INSERT INTO Compra VALUES( 16 ,NULL, 16 );
INSERT INTO Fatura VALUES( 17 ,20,125875123);
INSERT INTO Bilhete VALUES( 17 ,NULL);
INSERT INTO TipoBilhete VALUES('Bilhete Geral',20,1, 17 );
INSERT INTO TipoBilhete VALUES('Bilhete Geral',20,2, 17 );
INSERT INTO TipoBilhete VALUES('Bilhete Geral',20,3, 17 );
INSERT INTO TipoBilhete VALUES('Bilhete Geral',20,4, 17 );
INSERT INTO Compra VALUES( 17 ,284945786, 17 );
INSERT INTO Fatura VALUES( 18 ,12,123687642);
INSERT INTO Bilhete VALUES( 18 ,NULL);
INSERT INTO TipoBilhete VALUES('Bilhete Parque',12,4, 18 );
INSERT INTO Compra VALUES( 18 ,NULL, 18 );
INSERT INTO Fatura VALUES( 19 ,12,125875123);
INSERT INTO Bilhete VALUES( 19 ,NULL);
INSERT INTO TipoBilhete VALUES('Bilhete Parque',12,4, 19 );
INSERT INTO Compra VALUES( 19 ,NULL, 19 );
INSERT INTO Fatura VALUES( 20 ,12,125875123);
INSERT INTO Bilhete VALUES( 20 ,NULL);
INSERT INTO TipoBilhete VALUES('Bilhete Parque',12,4, 20 );
INSERT INTO Compra VALUES( 20 ,NULL, 20 );
INSERT INTO Fatura VALUES( 21 ,20,123687642);
INSERT INTO Bilhete VALUES( 21 ,NULL);
INSERT INTO TipoBilhete VALUES('Bilhete Geral',20,1, 21 );
INSERT INTO TipoBilhete VALUES('Bilhete Geral',20,2, 21 );
INSERT INTO TipoBilhete VALUES('Bilhete Geral',20,3, 21 );
INSERT INTO TipoBilhete VALUES('Bilhete Geral',20,4, 21 );
INSERT INTO Compra VALUES( 21 ,NULL, 21 );
INSERT INTO Fatura VALUES( 22 ,12,125875123);
INSERT INTO Bilhete VALUES( 22 ,NULL);
INSERT INTO TipoBilhete VALUES('Bilhete Museu',12,1, 22 );
INSERT INTO Compra VALUES( 22 ,NULL, 22 );
INSERT INTO Fatura VALUES( 23 ,20,125875123);
INSERT INTO Bilhete VALUES( 23 ,NULL);
INSERT INTO TipoBilhete VALUES('Bilhete Geral',20,1, 23 );
INSERT INTO TipoBilhete VALUES('Bilhete Geral',20,2, 23 );
INSERT INTO TipoBilhete VALUES('Bilhete Geral',20,3, 23 );
INSERT INTO TipoBilhete VALUES('Bilhete Geral',20,4, 23 );
INSERT INTO Compra VALUES( 23 ,NULL, 23 );
INSERT INTO Fatura VALUES( 24 ,20,125875123);
INSERT INTO Bilhete VALUES( 24 ,NULL);
INSERT INTO TipoBilhete VALUES('Bilhete Geral',20,1, 24 );
INSERT INTO TipoBilhete VALUES('Bilhete Geral',20,2, 24 );
INSERT INTO TipoBilhete VALUES('Bilhete Geral',20,3, 24 );
INSERT INTO TipoBilhete VALUES('Bilhete Geral',20,4, 24 );
INSERT INTO Compra VALUES( 24 ,276162592, 24 );
INSERT INTO Fatura VALUES( 25 ,20,125875123);
INSERT INTO Bilhete VALUES( 25 ,NULL);
INSERT INTO TipoBilhete VALUES('Bilhete Geral',20,1, 25 );
INSERT INTO TipoBilhete VALUES('Bilhete Geral',20,2, 25 );
INSERT INTO TipoBilhete VALUES('Bilhete Geral',20,3, 25 );
INSERT INTO TipoBilhete VALUES('Bilhete Geral',20,4, 25 );
INSERT INTO Compra VALUES( 25 ,NULL, 25 );
INSERT INTO Fatura VALUES( 26 ,12,123687642);
INSERT INTO Bilhete VALUES( 26 ,NULL);
INSERT INTO TipoBilhete VALUES('Bilhete Casa do Cinema',12,3, 26 );
INSERT INTO Compra VALUES( 26 ,NULL, 26 );
INSERT INTO Fatura VALUES( 27 ,12,123687642);
INSERT INTO Bilhete VALUES( 27 ,NULL);
INSERT INTO TipoBilhete VALUES('Bilhete Parque',12,4, 27 );
INSERT INTO Compra VALUES( 27 ,NULL, 27 );
INSERT INTO Fatura VALUES( 28 ,12,123687642);
INSERT INTO Bilhete VALUES( 28 ,NULL);
INSERT INTO TipoBilhete VALUES('Bilhete Museu',12,1, 28 );
INSERT INTO Compra VALUES( 28 ,NULL, 28 );
INSERT INTO Fatura VALUES( 29 ,12,125875123);
INSERT INTO Bilhete VALUES( 29 ,NULL);
INSERT INTO TipoBilhete VALUES('Bilhete Casa do Cinema',12,3, 29 );
INSERT INTO Compra VALUES( 29 ,NULL, 29 );
INSERT INTO Fatura VALUES( 30 ,20,125875123);
INSERT INTO Bilhete VALUES( 30 ,NULL);
INSERT INTO TipoBilhete VALUES('Bilhete Geral',20,1, 30 );
INSERT INTO TipoBilhete VALUES('Bilhete Geral',20,2, 30 );
INSERT INTO TipoBilhete VALUES('Bilhete Geral',20,3, 30 );
INSERT INTO TipoBilhete VALUES('Bilhete Geral',20,4, 30 );
INSERT INTO Compra VALUES( 30 ,NULL, 30 );
INSERT INTO Fatura VALUES( 31 ,12,125875123);
INSERT INTO Bilhete VALUES( 31 ,NULL);
INSERT INTO TipoBilhete VALUES('Bilhete Parque',12,4, 31 );
INSERT INTO Compra VALUES( 31 ,NULL, 31 );
INSERT INTO Fatura VALUES( 32 ,12,123687642);
INSERT INTO Bilhete VALUES( 32 ,NULL);
INSERT INTO TipoBilhete VALUES('Bilhete Casa do Cinema',12,3, 32 );
INSERT INTO Compra VALUES( 32 ,NULL, 32 );
INSERT INTO Fatura VALUES( 33 ,12,125875123);
INSERT INTO Bilhete VALUES( 33 ,NULL);
INSERT INTO TipoBilhete VALUES('Bilhete Casa do Cinema',12,3, 33 );
INSERT INTO Compra VALUES( 33 ,207540028, 33 );
INSERT INTO Fatura VALUES( 34 ,12,125875123);
INSERT INTO Bilhete VALUES( 34 ,NULL);
INSERT INTO TipoBilhete VALUES('Bilhete Parque',12,4, 34 );
INSERT INTO Compra VALUES( 34 ,NULL, 34 );
INSERT INTO Fatura VALUES( 35 ,20,123687642);
INSERT INTO Bilhete VALUES( 35 ,NULL);
INSERT INTO TipoBilhete VALUES('Bilhete Geral',20,1, 35 );
INSERT INTO TipoBilhete VALUES('Bilhete Geral',20,2, 35 );
INSERT INTO TipoBilhete VALUES('Bilhete Geral',20,3, 35 );
INSERT INTO TipoBilhete VALUES('Bilhete Geral',20,4, 35 );
INSERT INTO Compra VALUES( 35 ,NULL, 35 );
INSERT INTO Fatura VALUES( 36 ,12,123687642);
INSERT INTO Bilhete VALUES( 36 ,NULL);
INSERT INTO TipoBilhete VALUES('Bilhete Parque',12,4, 36 );
INSERT INTO Compra VALUES( 36 ,NULL, 36 );
INSERT INTO Fatura VALUES( 37 ,12,125875123);
INSERT INTO Bilhete VALUES( 37 ,NULL);
INSERT INTO TipoBilhete VALUES('Bilhete Museu',12,1, 37 );
INSERT INTO Compra VALUES( 37 ,NULL, 37 );
INSERT INTO Fatura VALUES( 38 ,20,125875123);
INSERT INTO Bilhete VALUES( 38 ,NULL);
INSERT INTO TipoBilhete VALUES('Bilhete Geral',20,1, 38 );
INSERT INTO TipoBilhete VALUES('Bilhete Geral',20,2, 38 );
INSERT INTO TipoBilhete VALUES('Bilhete Geral',20,3, 38 );
INSERT INTO TipoBilhete VALUES('Bilhete Geral',20,4, 38 );
INSERT INTO Compra VALUES( 38 ,200906945, 38 );
INSERT INTO Fatura VALUES( 39 ,20,125875123);
INSERT INTO Bilhete VALUES( 39 ,NULL);
INSERT INTO TipoBilhete VALUES('Bilhete Geral',20,1, 39 );
INSERT INTO TipoBilhete VALUES('Bilhete Geral',20,2, 39 );
INSERT INTO TipoBilhete VALUES('Bilhete Geral',20,3, 39 );
INSERT INTO TipoBilhete VALUES('Bilhete Geral',20,4, 39 );
INSERT INTO Compra VALUES( 39 ,263655958, 39 );
INSERT INTO Fatura VALUES( 40 ,20,125875123);
INSERT INTO Bilhete VALUES( 40 ,NULL);
INSERT INTO TipoBilhete VALUES('Bilhete Geral',20,1, 40 );
INSERT INTO TipoBilhete VALUES('Bilhete Geral',20,2, 40 );
INSERT INTO TipoBilhete VALUES('Bilhete Geral',20,3, 40 );
INSERT INTO TipoBilhete VALUES('Bilhete Geral',20,4, 40 );
INSERT INTO Compra VALUES( 40 ,247305416, 40 );
INSERT INTO Fatura VALUES( 41 ,20,125875123);
INSERT INTO Bilhete VALUES( 41 ,NULL);
INSERT INTO TipoBilhete VALUES('Bilhete Geral',20,1, 41 );
INSERT INTO TipoBilhete VALUES('Bilhete Geral',20,2, 41 );
INSERT INTO TipoBilhete VALUES('Bilhete Geral',20,3, 41 );
INSERT INTO TipoBilhete VALUES('Bilhete Geral',20,4, 41 );
INSERT INTO Compra VALUES( 41 ,NULL, 41 );
INSERT INTO Fatura VALUES( 42 ,20,123687642);
INSERT INTO Bilhete VALUES( 42 ,NULL);
INSERT INTO TipoBilhete VALUES('Bilhete Geral',20,1, 42 );
INSERT INTO TipoBilhete VALUES('Bilhete Geral',20,2, 42 );
INSERT INTO TipoBilhete VALUES('Bilhete Geral',20,3, 42 );
INSERT INTO TipoBilhete VALUES('Bilhete Geral',20,4, 42 );
INSERT INTO Compra VALUES( 42 ,NULL, 42 );
INSERT INTO Fatura VALUES( 43 ,12,125875123);
INSERT INTO Bilhete VALUES( 43 ,NULL);
INSERT INTO TipoBilhete VALUES('Bilhete Casa do Cinema',12,3, 43 );
INSERT INTO Compra VALUES( 43 ,NULL, 43 );
INSERT INTO Fatura VALUES( 44 ,12,123687642);
INSERT INTO Bilhete VALUES( 44 ,NULL);
INSERT INTO TipoBilhete VALUES('Bilhete Casa do Cinema',12,3, 44 );
INSERT INTO Compra VALUES( 44 ,NULL, 44 );
INSERT INTO Fatura VALUES( 45 ,12,123687642);
INSERT INTO Bilhete VALUES( 45 ,NULL);
INSERT INTO TipoBilhete VALUES('Bilhete Parque',12,4, 45 );
INSERT INTO Compra VALUES( 45 ,NULL, 45 );
INSERT INTO Fatura VALUES( 46 ,12,125875123);
INSERT INTO Bilhete VALUES( 46 ,NULL);
INSERT INTO TipoBilhete VALUES('Bilhete Museu',12,1, 46 );
INSERT INTO Compra VALUES( 46 ,NULL, 46 );
INSERT INTO Fatura VALUES( 47 ,12,125875123);
INSERT INTO Bilhete VALUES( 47 ,NULL);
INSERT INTO TipoBilhete VALUES('Bilhete Museu',12,1, 47 );
INSERT INTO Compra VALUES( 47 ,NULL, 47 );
INSERT INTO Fatura VALUES( 48 ,20,125875123);
INSERT INTO Bilhete VALUES( 48 ,NULL);
INSERT INTO TipoBilhete VALUES('Bilhete Geral',20,1, 48 );
INSERT INTO TipoBilhete VALUES('Bilhete Geral',20,2, 48 );
INSERT INTO TipoBilhete VALUES('Bilhete Geral',20,3, 48 );
INSERT INTO TipoBilhete VALUES('Bilhete Geral',20,4, 48 );
INSERT INTO Compra VALUES( 48 ,NULL, 48 );
INSERT INTO Fatura VALUES( 49 ,12,125875123);
INSERT INTO Bilhete VALUES( 49 ,NULL);
INSERT INTO TipoBilhete VALUES('Bilhete Parque',12,4, 49 );
INSERT INTO Compra VALUES( 49 ,NULL, 49 );
INSERT INTO Fatura VALUES( 50 ,12,125875123);
INSERT INTO Bilhete VALUES( 50 ,NULL);
INSERT INTO TipoBilhete VALUES('Bilhete Museu',12,1, 50 );
INSERT INTO Compra VALUES( 50 ,NULL, 50 );
INSERT INTO Fatura VALUES( 51 ,12,123687642);
INSERT INTO Bilhete VALUES( 51 ,NULL);
INSERT INTO TipoBilhete VALUES('Bilhete Parque',12,4, 51 );
INSERT INTO Compra VALUES( 51 ,NULL, 51 );
INSERT INTO Fatura VALUES( 52 ,20,125875123);
INSERT INTO Bilhete VALUES( 52 ,NULL);
INSERT INTO TipoBilhete VALUES('Bilhete Geral',20,1, 52 );
INSERT INTO TipoBilhete VALUES('Bilhete Geral',20,2, 52 );
INSERT INTO TipoBilhete VALUES('Bilhete Geral',20,3, 52 );
INSERT INTO TipoBilhete VALUES('Bilhete Geral',20,4, 52 );
INSERT INTO Compra VALUES( 52 ,NULL, 52 );
INSERT INTO Fatura VALUES( 53 ,12,125875123);
INSERT INTO Bilhete VALUES( 53 ,NULL);
INSERT INTO TipoBilhete VALUES('Bilhete Parque',12,4, 53 );
INSERT INTO Compra VALUES( 53 ,NULL, 53 );
INSERT INTO Fatura VALUES( 54 ,12,125875123);
INSERT INTO Bilhete VALUES( 54 ,NULL);
INSERT INTO TipoBilhete VALUES('Bilhete Museu',12,1, 54 );
INSERT INTO Compra VALUES( 54 ,NULL, 54 );
INSERT INTO Fatura VALUES( 55 ,12,125875123);
INSERT INTO Bilhete VALUES( 55 ,NULL);
INSERT INTO TipoBilhete VALUES('Bilhete Museu',12,1, 55 );
INSERT INTO Compra VALUES( 55 ,NULL, 55 );
INSERT INTO Fatura VALUES( 56 ,20,123687642);
INSERT INTO Bilhete VALUES( 56 ,NULL);
INSERT INTO TipoBilhete VALUES('Bilhete Geral',20,1, 56 );
INSERT INTO TipoBilhete VALUES('Bilhete Geral',20,2, 56 );
INSERT INTO TipoBilhete VALUES('Bilhete Geral',20,3, 56 );
INSERT INTO TipoBilhete VALUES('Bilhete Geral',20,4, 56 );
INSERT INTO Compra VALUES( 56 ,NULL, 56 );
INSERT INTO Fatura VALUES( 57 ,12,125875123);
INSERT INTO Bilhete VALUES( 57 ,NULL);
INSERT INTO TipoBilhete VALUES('Bilhete Museu',12,1, 57 );
INSERT INTO Compra VALUES( 57 ,NULL, 57 );
INSERT INTO Fatura VALUES( 58 ,20,125875123);
INSERT INTO Bilhete VALUES( 58 ,NULL);
INSERT INTO TipoBilhete VALUES('Bilhete Geral',20,1, 58 );
INSERT INTO TipoBilhete VALUES('Bilhete Geral',20,2, 58 );
INSERT INTO TipoBilhete VALUES('Bilhete Geral',20,3, 58 );
INSERT INTO TipoBilhete VALUES('Bilhete Geral',20,4, 58 );
INSERT INTO Compra VALUES( 58 ,NULL, 58 );
INSERT INTO Fatura VALUES( 59 ,12,125875123);
INSERT INTO Bilhete VALUES( 59 ,NULL);
INSERT INTO TipoBilhete VALUES('Bilhete Parque',12,4, 59 );
INSERT INTO Compra VALUES( 59 ,NULL, 59 );
INSERT INTO Fatura VALUES( 60 ,20,125875123);
INSERT INTO Bilhete VALUES( 60 ,NULL);
INSERT INTO TipoBilhete VALUES('Bilhete Geral',20,1, 60 );
INSERT INTO TipoBilhete VALUES('Bilhete Geral',20,2, 60 );
INSERT INTO TipoBilhete VALUES('Bilhete Geral',20,3, 60 );
INSERT INTO TipoBilhete VALUES('Bilhete Geral',20,4, 60 );
INSERT INTO Compra VALUES( 60 ,NULL, 60 );
INSERT INTO Fatura VALUES( 61 ,20,125875123);
INSERT INTO Bilhete VALUES( 61 ,NULL);
INSERT INTO TipoBilhete VALUES('Bilhete Geral',20,1, 61 );
INSERT INTO TipoBilhete VALUES('Bilhete Geral',20,2, 61 );
INSERT INTO TipoBilhete VALUES('Bilhete Geral',20,3, 61 );
INSERT INTO TipoBilhete VALUES('Bilhete Geral',20,4, 61 );
INSERT INTO Compra VALUES( 61 ,NULL, 61 );
INSERT INTO Fatura VALUES( 62 ,12,125875123);
INSERT INTO Bilhete VALUES( 62 ,NULL);
INSERT INTO TipoBilhete VALUES('Bilhete Museu',12,1, 62 );
INSERT INTO Compra VALUES( 62 ,NULL, 62 );
INSERT INTO Fatura VALUES( 63 ,12,125875123);
INSERT INTO Bilhete VALUES( 63 ,NULL);
INSERT INTO TipoBilhete VALUES('Bilhete Casa do Cinema',12,3, 63 );
INSERT INTO Compra VALUES( 63 ,NULL, 63 );
INSERT INTO Fatura VALUES( 64 ,12,125875123);
INSERT INTO Bilhete VALUES( 64 ,NULL);
INSERT INTO TipoBilhete VALUES('Bilhete Parque',12,4, 64 );
INSERT INTO Compra VALUES( 64 ,NULL, 64 );
INSERT INTO Fatura VALUES( 65 ,20,125875123);
INSERT INTO Bilhete VALUES( 65 ,NULL);
INSERT INTO TipoBilhete VALUES('Bilhete Geral',20,1, 65 );
INSERT INTO TipoBilhete VALUES('Bilhete Geral',20,2, 65 );
INSERT INTO TipoBilhete VALUES('Bilhete Geral',20,3, 65 );
INSERT INTO TipoBilhete VALUES('Bilhete Geral',20,4, 65 );
INSERT INTO Compra VALUES( 65 ,NULL, 65 );
INSERT INTO Fatura VALUES( 66 ,20,125875123);
INSERT INTO Bilhete VALUES( 66 ,NULL);
INSERT INTO TipoBilhete VALUES('Bilhete Geral',20,1, 66 );
INSERT INTO TipoBilhete VALUES('Bilhete Geral',20,2, 66 );
INSERT INTO TipoBilhete VALUES('Bilhete Geral',20,3, 66 );
INSERT INTO TipoBilhete VALUES('Bilhete Geral',20,4, 66 );
INSERT INTO Compra VALUES( 66 ,NULL, 66 );
INSERT INTO Fatura VALUES( 67 ,20,125875123);
INSERT INTO Bilhete VALUES( 67 ,NULL);
INSERT INTO TipoBilhete VALUES('Bilhete Geral',20,1, 67 );
INSERT INTO TipoBilhete VALUES('Bilhete Geral',20,2, 67 );
INSERT INTO TipoBilhete VALUES('Bilhete Geral',20,3, 67 );
INSERT INTO TipoBilhete VALUES('Bilhete Geral',20,4, 67 );
INSERT INTO Compra VALUES( 67 ,NULL, 67 );
INSERT INTO Fatura VALUES( 68 ,20,125875123);
INSERT INTO Bilhete VALUES( 68 ,NULL);
INSERT INTO TipoBilhete VALUES('Bilhete Geral',20,1, 68 );
INSERT INTO TipoBilhete VALUES('Bilhete Geral',20,2, 68 );
INSERT INTO TipoBilhete VALUES('Bilhete Geral',20,3, 68 );
INSERT INTO TipoBilhete VALUES('Bilhete Geral',20,4, 68 );
INSERT INTO Compra VALUES( 68 ,NULL, 68 );
INSERT INTO Fatura VALUES( 69 ,12,125875123);
INSERT INTO Bilhete VALUES( 69 ,NULL);
INSERT INTO TipoBilhete VALUES('Bilhete Casa do Cinema',12,3, 69 );
INSERT INTO Compra VALUES( 69 ,NULL, 69 );
INSERT INTO Fatura VALUES( 70 ,12,123687642);
INSERT INTO Bilhete VALUES( 70 ,NULL);
INSERT INTO TipoBilhete VALUES('Bilhete Casa do Cinema',12,3, 70 );
INSERT INTO Compra VALUES( 70 ,NULL, 70 );
INSERT INTO Fatura VALUES( 71 ,12,125875123);
INSERT INTO Bilhete VALUES( 71 ,NULL);
INSERT INTO TipoBilhete VALUES('Bilhete Parque',12,4, 71 );
INSERT INTO Compra VALUES( 71 ,NULL, 71 );
INSERT INTO Fatura VALUES( 72 ,12,123687642);
INSERT INTO Bilhete VALUES( 72 ,NULL);
INSERT INTO TipoBilhete VALUES('Bilhete Parque',12,4, 72 );
INSERT INTO Compra VALUES( 72 ,NULL, 72 );
INSERT INTO Fatura VALUES( 73 ,12,125875123);
INSERT INTO Bilhete VALUES( 73 ,NULL);
INSERT INTO TipoBilhete VALUES('Bilhete Casa do Cinema',12,3, 73 );
INSERT INTO Compra VALUES( 73 ,NULL, 73 );
INSERT INTO Fatura VALUES( 74 ,12,123687642);
INSERT INTO Bilhete VALUES( 74 ,NULL);
INSERT INTO TipoBilhete VALUES('Bilhete Casa do Cinema',12,3, 74 );
INSERT INTO Compra VALUES( 74 ,NULL, 74 );
INSERT INTO Fatura VALUES( 75 ,12,125875123);
INSERT INTO Bilhete VALUES( 75 ,NULL);
INSERT INTO TipoBilhete VALUES('Bilhete Casa do Cinema',12,3, 75 );
INSERT INTO Compra VALUES( 75 ,NULL, 75 );
INSERT INTO Fatura VALUES( 76 ,20,125875123);
INSERT INTO Bilhete VALUES( 76 ,NULL);
INSERT INTO TipoBilhete VALUES('Bilhete Geral',20,1, 76 );
INSERT INTO TipoBilhete VALUES('Bilhete Geral',20,2, 76 );
INSERT INTO TipoBilhete VALUES('Bilhete Geral',20,3, 76 );
INSERT INTO TipoBilhete VALUES('Bilhete Geral',20,4, 76 );
INSERT INTO Compra VALUES( 76 ,NULL, 76 );
INSERT INTO Fatura VALUES( 77 ,12,123687642);
INSERT INTO Bilhete VALUES( 77 ,NULL);
INSERT INTO TipoBilhete VALUES('Bilhete Museu',12,1, 77 );
INSERT INTO Compra VALUES( 77 ,NULL, 77 );
INSERT INTO Fatura VALUES( 78 ,20,125875123);
INSERT INTO Bilhete VALUES( 78 ,NULL);
INSERT INTO TipoBilhete VALUES('Bilhete Geral',20,1, 78 );
INSERT INTO TipoBilhete VALUES('Bilhete Geral',20,2, 78 );
INSERT INTO TipoBilhete VALUES('Bilhete Geral',20,3, 78 );
INSERT INTO TipoBilhete VALUES('Bilhete Geral',20,4, 78 );
INSERT INTO Compra VALUES( 78 ,NULL, 78 );
INSERT INTO Fatura VALUES( 79 ,12,125875123);
INSERT INTO Bilhete VALUES( 79 ,NULL);
INSERT INTO TipoBilhete VALUES('Bilhete Museu',12,1, 79 );
INSERT INTO Compra VALUES( 79 ,NULL, 79 );
INSERT INTO Fatura VALUES( 80 ,20,125875123);
INSERT INTO Bilhete VALUES( 80 ,NULL);
INSERT INTO TipoBilhete VALUES('Bilhete Geral',20,1, 80 );
INSERT INTO TipoBilhete VALUES('Bilhete Geral',20,2, 80 );
INSERT INTO TipoBilhete VALUES('Bilhete Geral',20,3, 80 );
INSERT INTO TipoBilhete VALUES('Bilhete Geral',20,4, 80 );
INSERT INTO Compra VALUES( 80 ,NULL, 80 );
INSERT INTO Fatura VALUES( 81 ,12,125875123);
INSERT INTO Bilhete VALUES( 81 ,NULL);
INSERT INTO TipoBilhete VALUES('Bilhete Museu',12,1, 81 );
INSERT INTO Compra VALUES( 81 ,NULL, 81 );
INSERT INTO Fatura VALUES( 82 ,12,125875123);
INSERT INTO Bilhete VALUES( 82 ,NULL);
INSERT INTO TipoBilhete VALUES('Bilhete Parque',12,4, 82 );
INSERT INTO Compra VALUES( 82 ,NULL, 82 );
INSERT INTO Fatura VALUES( 83 ,20,125875123);
INSERT INTO Bilhete VALUES( 83 ,NULL);
INSERT INTO TipoBilhete VALUES('Bilhete Geral',20,1, 83 );
INSERT INTO TipoBilhete VALUES('Bilhete Geral',20,2, 83 );
INSERT INTO TipoBilhete VALUES('Bilhete Geral',20,3, 83 );
INSERT INTO TipoBilhete VALUES('Bilhete Geral',20,4, 83 );
INSERT INTO Compra VALUES( 83 ,NULL, 83 );
INSERT INTO Fatura VALUES( 84 ,20,123687642);
INSERT INTO Bilhete VALUES( 84 ,NULL);
INSERT INTO TipoBilhete VALUES('Bilhete Geral',20,1, 84 );
INSERT INTO TipoBilhete VALUES('Bilhete Geral',20,2, 84 );
INSERT INTO TipoBilhete VALUES('Bilhete Geral',20,3, 84 );
INSERT INTO TipoBilhete VALUES('Bilhete Geral',20,4, 84 );
INSERT INTO Compra VALUES( 84 ,NULL, 84 );
INSERT INTO Fatura VALUES( 85 ,20,125875123);
INSERT INTO Bilhete VALUES( 85 ,NULL);
INSERT INTO TipoBilhete VALUES('Bilhete Geral',20,1, 85 );
INSERT INTO TipoBilhete VALUES('Bilhete Geral',20,2, 85 );
INSERT INTO TipoBilhete VALUES('Bilhete Geral',20,3, 85 );
INSERT INTO TipoBilhete VALUES('Bilhete Geral',20,4, 85 );
INSERT INTO Compra VALUES( 85 ,NULL, 85 );
INSERT INTO Fatura VALUES( 86 ,20,125875123);
INSERT INTO Bilhete VALUES( 86 ,NULL);
INSERT INTO TipoBilhete VALUES('Bilhete Geral',20,1, 86 );
INSERT INTO TipoBilhete VALUES('Bilhete Geral',20,2, 86 );
INSERT INTO TipoBilhete VALUES('Bilhete Geral',20,3, 86 );
INSERT INTO TipoBilhete VALUES('Bilhete Geral',20,4, 86 );
INSERT INTO Compra VALUES( 86 ,NULL, 86 );
INSERT INTO Fatura VALUES( 87 ,12,123687642);
INSERT INTO Bilhete VALUES( 87 ,NULL);
INSERT INTO TipoBilhete VALUES('Bilhete Parque',12,4, 87 );
INSERT INTO Compra VALUES( 87 ,NULL, 87 );
INSERT INTO Fatura VALUES( 88 ,12,125875123);
INSERT INTO Bilhete VALUES( 88 ,NULL);
INSERT INTO TipoBilhete VALUES('Bilhete Parque',12,4, 88 );
INSERT INTO Compra VALUES( 88 ,NULL, 88 );
INSERT INTO Fatura VALUES( 89 ,20,125875123);
INSERT INTO Bilhete VALUES( 89 ,NULL);
INSERT INTO TipoBilhete VALUES('Bilhete Geral',20,1, 89 );
INSERT INTO TipoBilhete VALUES('Bilhete Geral',20,2, 89 );
INSERT INTO TipoBilhete VALUES('Bilhete Geral',20,3, 89 );
INSERT INTO TipoBilhete VALUES('Bilhete Geral',20,4, 89 );
INSERT INTO Compra VALUES( 89 ,NULL, 89 );
INSERT INTO Fatura VALUES( 90 ,20,125875123);
INSERT INTO Bilhete VALUES( 90 ,NULL);
INSERT INTO TipoBilhete VALUES('Bilhete Geral',20,1, 90 );
INSERT INTO TipoBilhete VALUES('Bilhete Geral',20,2, 90 );
INSERT INTO TipoBilhete VALUES('Bilhete Geral',20,3, 90 );
INSERT INTO TipoBilhete VALUES('Bilhete Geral',20,4, 90 );
INSERT INTO Compra VALUES( 90 ,NULL, 90 );
INSERT INTO Fatura VALUES( 91 ,20,123687642);
INSERT INTO Bilhete VALUES( 91 ,NULL);
INSERT INTO TipoBilhete VALUES('Bilhete Geral',20,1, 91 );
INSERT INTO TipoBilhete VALUES('Bilhete Geral',20,2, 91 );
INSERT INTO TipoBilhete VALUES('Bilhete Geral',20,3, 91 );
INSERT INTO TipoBilhete VALUES('Bilhete Geral',20,4, 91 );
INSERT INTO Compra VALUES( 91 ,NULL, 91 );
INSERT INTO Fatura VALUES( 92 ,12,125875123);
INSERT INTO Bilhete VALUES( 92 ,NULL);
INSERT INTO TipoBilhete VALUES('Bilhete Museu',12,1, 92 );
INSERT INTO Compra VALUES( 92 ,NULL, 92 );
INSERT INTO Fatura VALUES( 93 ,12,123687642);
INSERT INTO Bilhete VALUES( 93 ,NULL);
INSERT INTO TipoBilhete VALUES('Bilhete Parque',12,4, 93 );
INSERT INTO Compra VALUES( 93 ,NULL, 93 );
INSERT INTO Fatura VALUES( 94 ,12,123687642);
INSERT INTO Bilhete VALUES( 94 ,NULL);
INSERT INTO TipoBilhete VALUES('Bilhete Casa do Cinema',12,3, 94 );
INSERT INTO Compra VALUES( 94 ,NULL, 94 );
INSERT INTO Fatura VALUES( 95 ,12,125875123);
INSERT INTO Bilhete VALUES( 95 ,NULL);
INSERT INTO TipoBilhete VALUES('Bilhete Museu',12,1, 95 );
INSERT INTO Compra VALUES( 95 ,NULL, 95 );
INSERT INTO Fatura VALUES( 96 ,20,125875123);
INSERT INTO Bilhete VALUES( 96 ,NULL);
INSERT INTO TipoBilhete VALUES('Bilhete Geral',20,1, 96 );
INSERT INTO TipoBilhete VALUES('Bilhete Geral',20,2, 96 );
INSERT INTO TipoBilhete VALUES('Bilhete Geral',20,3, 96 );
INSERT INTO TipoBilhete VALUES('Bilhete Geral',20,4, 96 );
INSERT INTO Compra VALUES( 96 ,NULL, 96 );
INSERT INTO Fatura VALUES( 97 ,12,125875123);
INSERT INTO Bilhete VALUES( 97 ,NULL);
INSERT INTO TipoBilhete VALUES('Bilhete Parque',12,4, 97 );
INSERT INTO Compra VALUES( 97 ,NULL, 97 );
INSERT INTO Fatura VALUES( 98 ,12,123687642);
INSERT INTO Bilhete VALUES( 98 ,NULL);
INSERT INTO TipoBilhete VALUES('Bilhete Casa do Cinema',12,3, 98 );
INSERT INTO Compra VALUES( 98 ,236950000, 98 );
INSERT INTO Fatura VALUES( 99 ,20,125875123);
INSERT INTO Bilhete VALUES( 99 ,NULL);
INSERT INTO TipoBilhete VALUES('Bilhete Geral',20,1, 99 );
INSERT INTO TipoBilhete VALUES('Bilhete Geral',20,2, 99 );
INSERT INTO TipoBilhete VALUES('Bilhete Geral',20,3, 99 );
INSERT INTO TipoBilhete VALUES('Bilhete Geral',20,4, 99 );
INSERT INTO Compra VALUES( 99 ,NULL, 99 );
INSERT INTO Fatura VALUES( 100 ,20,125875123);
INSERT INTO Bilhete VALUES( 100 ,NULL);
INSERT INTO TipoBilhete VALUES('Bilhete Geral',20,1, 100 );
INSERT INTO TipoBilhete VALUES('Bilhete Geral',20,2, 100 );
INSERT INTO TipoBilhete VALUES('Bilhete Geral',20,3, 100 );
INSERT INTO TipoBilhete VALUES('Bilhete Geral',20,4, 100 );
INSERT INTO Compra VALUES( 100 ,NULL, 100 );
INSERT INTO Fatura VALUES( 101 ,20,125875123);
INSERT INTO Bilhete VALUES( 101 ,NULL);
INSERT INTO TipoBilhete VALUES('Bilhete Geral',20,1, 101 );
INSERT INTO TipoBilhete VALUES('Bilhete Geral',20,2, 101 );
INSERT INTO TipoBilhete VALUES('Bilhete Geral',20,3, 101 );
INSERT INTO TipoBilhete VALUES('Bilhete Geral',20,4, 101 );
INSERT INTO Compra VALUES( 101 ,NULL, 101 );
INSERT INTO Fatura VALUES( 102 ,12,125875123);
INSERT INTO Bilhete VALUES( 102 ,NULL);
INSERT INTO TipoBilhete VALUES('Bilhete Museu',12,1, 102 );
INSERT INTO Compra VALUES( 102 ,NULL, 102 );
INSERT INTO Fatura VALUES( 103 ,12,125875123);
INSERT INTO Bilhete VALUES( 103 ,NULL);
INSERT INTO TipoBilhete VALUES('Bilhete Parque',12,4, 103 );
INSERT INTO Compra VALUES( 103 ,NULL, 103 );
INSERT INTO Fatura VALUES( 104 ,20,125875123);
INSERT INTO Bilhete VALUES( 104 ,NULL);
INSERT INTO TipoBilhete VALUES('Bilhete Geral',20,1, 104 );
INSERT INTO TipoBilhete VALUES('Bilhete Geral',20,2, 104 );
INSERT INTO TipoBilhete VALUES('Bilhete Geral',20,3, 104 );
INSERT INTO TipoBilhete VALUES('Bilhete Geral',20,4, 104 );
INSERT INTO Compra VALUES( 104 ,NULL, 104 );
INSERT INTO Fatura VALUES( 105 ,12,123687642);
INSERT INTO Bilhete VALUES( 105 ,NULL);
INSERT INTO TipoBilhete VALUES('Bilhete Parque',12,4, 105 );
INSERT INTO Compra VALUES( 105 ,NULL, 105 );
INSERT INTO Fatura VALUES( 106 ,12,125875123);
INSERT INTO Bilhete VALUES( 106 ,NULL);
INSERT INTO TipoBilhete VALUES('Bilhete Parque',12,4, 106 );
INSERT INTO Compra VALUES( 106 ,NULL, 106 );
INSERT INTO Fatura VALUES( 107 ,12,125875123);
INSERT INTO Bilhete VALUES( 107 ,NULL);
INSERT INTO TipoBilhete VALUES('Bilhete Parque',12,4, 107 );
INSERT INTO Compra VALUES( 107 ,NULL, 107 );
INSERT INTO Fatura VALUES( 108 ,20,125875123);
INSERT INTO Bilhete VALUES( 108 ,NULL);
INSERT INTO TipoBilhete VALUES('Bilhete Geral',20,1, 108 );
INSERT INTO TipoBilhete VALUES('Bilhete Geral',20,2, 108 );
INSERT INTO TipoBilhete VALUES('Bilhete Geral',20,3, 108 );
INSERT INTO TipoBilhete VALUES('Bilhete Geral',20,4, 108 );
INSERT INTO Compra VALUES( 108 ,NULL, 108 );
INSERT INTO Fatura VALUES( 109 ,12,125875123);
INSERT INTO Bilhete VALUES( 109 ,NULL);
INSERT INTO TipoBilhete VALUES('Bilhete Casa do Cinema',12,3, 109 );
INSERT INTO Compra VALUES( 109 ,NULL, 109 );
INSERT INTO Fatura VALUES( 110 ,12,123687642);
INSERT INTO Bilhete VALUES( 110 ,NULL);
INSERT INTO TipoBilhete VALUES('Bilhete Casa do Cinema',12,3, 110 );
INSERT INTO Compra VALUES( 110 ,NULL, 110 );
INSERT INTO Fatura VALUES( 111 ,12,125875123);
INSERT INTO Bilhete VALUES( 111 ,NULL);
INSERT INTO TipoBilhete VALUES('Bilhete Museu',12,1, 111 );
INSERT INTO Compra VALUES( 111 ,NULL, 111 );
INSERT INTO Fatura VALUES( 112 ,12,125875123);
INSERT INTO Bilhete VALUES( 112 ,NULL);
INSERT INTO TipoBilhete VALUES('Bilhete Parque',12,4, 112 );
INSERT INTO Compra VALUES( 112 ,NULL, 112 );
INSERT INTO Fatura VALUES( 113 ,12,125875123);
INSERT INTO Bilhete VALUES( 113 ,NULL);
INSERT INTO TipoBilhete VALUES('Bilhete Parque',12,4, 113 );
INSERT INTO Compra VALUES( 113 ,NULL, 113 );
INSERT INTO Fatura VALUES( 114 ,20,125875123);
INSERT INTO Bilhete VALUES( 114 ,NULL);
INSERT INTO TipoBilhete VALUES('Bilhete Geral',20,1, 114 );
INSERT INTO TipoBilhete VALUES('Bilhete Geral',20,2, 114 );
INSERT INTO TipoBilhete VALUES('Bilhete Geral',20,3, 114 );
INSERT INTO TipoBilhete VALUES('Bilhete Geral',20,4, 114 );
INSERT INTO Compra VALUES( 114 ,NULL, 114 );
INSERT INTO Fatura VALUES( 115 ,20,125875123);
INSERT INTO Bilhete VALUES( 115 ,NULL);
INSERT INTO TipoBilhete VALUES('Bilhete Geral',20,1, 115 );
INSERT INTO TipoBilhete VALUES('Bilhete Geral',20,2, 115 );
INSERT INTO TipoBilhete VALUES('Bilhete Geral',20,3, 115 );
INSERT INTO TipoBilhete VALUES('Bilhete Geral',20,4, 115 );
INSERT INTO Compra VALUES( 115 ,NULL, 115 );
INSERT INTO Fatura VALUES( 116 ,20,125875123);
INSERT INTO Bilhete VALUES( 116 ,NULL);
INSERT INTO TipoBilhete VALUES('Bilhete Geral',20,1, 116 );
INSERT INTO TipoBilhete VALUES('Bilhete Geral',20,2, 116 );
INSERT INTO TipoBilhete VALUES('Bilhete Geral',20,3, 116 );
INSERT INTO TipoBilhete VALUES('Bilhete Geral',20,4, 116 );
INSERT INTO Compra VALUES( 116 ,NULL, 116 );
INSERT INTO Fatura VALUES( 117 ,12,125875123);
INSERT INTO Bilhete VALUES( 117 ,NULL);
INSERT INTO TipoBilhete VALUES('Bilhete Museu',12,1, 117 );
INSERT INTO Compra VALUES( 117 ,NULL, 117 );
INSERT INTO Fatura VALUES( 118 ,20,125875123);
INSERT INTO Bilhete VALUES( 118 ,NULL);
INSERT INTO TipoBilhete VALUES('Bilhete Geral',20,1, 118 );
INSERT INTO TipoBilhete VALUES('Bilhete Geral',20,2, 118 );
INSERT INTO TipoBilhete VALUES('Bilhete Geral',20,3, 118 );
INSERT INTO TipoBilhete VALUES('Bilhete Geral',20,4, 118 );
INSERT INTO Compra VALUES( 118 ,NULL, 118 );
INSERT INTO Fatura VALUES( 119 ,12,123687642);
INSERT INTO Bilhete VALUES( 119 ,NULL);
INSERT INTO TipoBilhete VALUES('Bilhete Museu',12,1, 119 );
INSERT INTO Compra VALUES( 119 ,NULL, 119 );
INSERT INTO Fatura VALUES( 120 ,12,123687642);
INSERT INTO Bilhete VALUES( 120 ,NULL);
INSERT INTO TipoBilhete VALUES('Bilhete Parque',12,4, 120 );
INSERT INTO Compra VALUES( 120 ,NULL, 120 );
INSERT INTO Fatura VALUES( 121 ,20,125875123);
INSERT INTO Bilhete VALUES( 121 ,0.5);
INSERT INTO TipoBilhete VALUES('Bilhete Geral',20,1, 121 );
INSERT INTO TipoBilhete VALUES('Bilhete Geral',20,2, 121 );
INSERT INTO TipoBilhete VALUES('Bilhete Geral',20,3, 121 );
INSERT INTO TipoBilhete VALUES('Bilhete Geral',20,4, 121 );
INSERT INTO Compra VALUES( 121 ,NULL, 121 );
INSERT INTO Fatura VALUES( 122 ,12,125875123);
INSERT INTO Bilhete VALUES( 122 ,NULL);
INSERT INTO TipoBilhete VALUES('Bilhete Parque',12,4, 122 );
INSERT INTO Compra VALUES( 122 ,NULL, 122 );
INSERT INTO Fatura VALUES( 123 ,20,125875123);
INSERT INTO Bilhete VALUES( 123 ,NULL);
INSERT INTO TipoBilhete VALUES('Bilhete Geral',20,1, 123 );
INSERT INTO TipoBilhete VALUES('Bilhete Geral',20,2, 123 );
INSERT INTO TipoBilhete VALUES('Bilhete Geral',20,3, 123 );
INSERT INTO TipoBilhete VALUES('Bilhete Geral',20,4, 123 );
INSERT INTO Compra VALUES( 123 ,NULL, 123 );
INSERT INTO Fatura VALUES( 124 ,12,125875123);
INSERT INTO Bilhete VALUES( 124 ,NULL);
INSERT INTO TipoBilhete VALUES('Bilhete Parque',12,4, 124 );
INSERT INTO Compra VALUES( 124 ,NULL, 124 );
INSERT INTO Fatura VALUES( 125 ,12,125875123);
INSERT INTO Bilhete VALUES( 125 ,NULL);
INSERT INTO TipoBilhete VALUES('Bilhete Museu',12,1, 125 );
INSERT INTO Compra VALUES( 125 ,NULL, 125 );
INSERT INTO Fatura VALUES( 126 ,20,123687642);
INSERT INTO Bilhete VALUES( 126 ,NULL);
INSERT INTO TipoBilhete VALUES('Bilhete Geral',20,1, 126 );
INSERT INTO TipoBilhete VALUES('Bilhete Geral',20,2, 126 );
INSERT INTO TipoBilhete VALUES('Bilhete Geral',20,3, 126 );
INSERT INTO TipoBilhete VALUES('Bilhete Geral',20,4, 126 );
INSERT INTO Compra VALUES( 126 ,NULL, 126 );
INSERT INTO Fatura VALUES( 127 ,12,125875123);
INSERT INTO Bilhete VALUES( 127 ,NULL);
INSERT INTO TipoBilhete VALUES('Bilhete Parque',12,4, 127 );
INSERT INTO Compra VALUES( 127 ,NULL, 127 );
INSERT INTO Fatura VALUES( 128 ,12,125875123);
INSERT INTO Bilhete VALUES( 128 ,NULL);
INSERT INTO TipoBilhete VALUES('Bilhete Museu',12,1, 128 );
INSERT INTO Compra VALUES( 128 ,NULL, 128 );
INSERT INTO Fatura VALUES( 129 ,20,125875123);
INSERT INTO Bilhete VALUES( 129 ,NULL);
INSERT INTO TipoBilhete VALUES('Bilhete Geral',20,1, 129 );
INSERT INTO TipoBilhete VALUES('Bilhete Geral',20,2, 129 );
INSERT INTO TipoBilhete VALUES('Bilhete Geral',20,3, 129 );
INSERT INTO TipoBilhete VALUES('Bilhete Geral',20,4, 129 );
INSERT INTO Compra VALUES( 129 ,NULL, 129 );
INSERT INTO Fatura VALUES( 130 ,12,125875123);
INSERT INTO Bilhete VALUES( 130 ,NULL);
INSERT INTO TipoBilhete VALUES('Bilhete Museu',12,1, 130 );
INSERT INTO Compra VALUES( 130 ,NULL, 130 );
INSERT INTO Fatura VALUES( 131 ,12,125875123);
INSERT INTO Bilhete VALUES( 131 ,NULL);
INSERT INTO TipoBilhete VALUES('Bilhete Casa do Cinema',12,3, 131 );
INSERT INTO Compra VALUES( 131 ,NULL, 131 );
INSERT INTO Fatura VALUES( 132 ,12,123687642);
INSERT INTO Bilhete VALUES( 132 ,NULL);
INSERT INTO TipoBilhete VALUES('Bilhete Parque',12,4, 132 );
INSERT INTO Compra VALUES( 132 ,NULL, 132 );
INSERT INTO Fatura VALUES( 133 ,12,125875123);
INSERT INTO Bilhete VALUES( 133 ,NULL);
INSERT INTO TipoBilhete VALUES('Bilhete Parque',12,4, 133 );
INSERT INTO Compra VALUES( 133 ,NULL, 133 );
INSERT INTO Fatura VALUES( 134 ,12,123687642);
INSERT INTO Bilhete VALUES( 134 ,NULL);
INSERT INTO TipoBilhete VALUES('Bilhete Casa do Cinema',12,3, 134 );
INSERT INTO Compra VALUES( 134 ,NULL, 134 );
INSERT INTO Fatura VALUES( 135 ,20,125875123);
INSERT INTO Bilhete VALUES( 135 ,NULL);
INSERT INTO TipoBilhete VALUES('Bilhete Geral',20,1, 135 );
INSERT INTO TipoBilhete VALUES('Bilhete Geral',20,2, 135 );
INSERT INTO TipoBilhete VALUES('Bilhete Geral',20,3, 135 );
INSERT INTO TipoBilhete VALUES('Bilhete Geral',20,4, 135 );
INSERT INTO Compra VALUES( 135 ,NULL, 135 );
INSERT INTO Fatura VALUES( 136 ,12,125875123);
INSERT INTO Bilhete VALUES( 136 ,0.1);
INSERT INTO TipoBilhete VALUES('Bilhete Parque',12,4, 136 );
INSERT INTO Compra VALUES( 136 ,NULL, 136 );
INSERT INTO Fatura VALUES( 137 ,12,125875123);
INSERT INTO Bilhete VALUES( 137 ,NULL);
INSERT INTO TipoBilhete VALUES('Bilhete Parque',12,4, 137 );
INSERT INTO Compra VALUES( 137 ,NULL, 137 );
INSERT INTO Fatura VALUES( 138 ,12,125875123);
INSERT INTO Bilhete VALUES( 138 ,NULL);
INSERT INTO TipoBilhete VALUES('Bilhete Museu',12,1, 138 );
INSERT INTO Compra VALUES( 138 ,NULL, 138 );
INSERT INTO Fatura VALUES( 139 ,12,125875123);
INSERT INTO Bilhete VALUES( 139 ,NULL);
INSERT INTO TipoBilhete VALUES('Bilhete Casa do Cinema',12,3, 139 );
INSERT INTO Compra VALUES( 139 ,NULL, 139 );
INSERT INTO Fatura VALUES( 140 ,12,123687642);
INSERT INTO Bilhete VALUES( 140 ,NULL);
INSERT INTO TipoBilhete VALUES('Bilhete Casa do Cinema',12,3, 140 );
INSERT INTO Compra VALUES( 140 ,NULL, 140 );
INSERT INTO Fatura VALUES( 141 ,12,123687642);
INSERT INTO Bilhete VALUES( 141 ,NULL);
INSERT INTO TipoBilhete VALUES('Bilhete Parque',12,4, 141 );
INSERT INTO Compra VALUES( 141 ,NULL, 141 );
INSERT INTO Fatura VALUES( 142 ,12,125875123);
INSERT INTO Bilhete VALUES( 142 ,NULL);
INSERT INTO TipoBilhete VALUES('Bilhete Parque',12,4, 142 );
INSERT INTO Compra VALUES( 142 ,NULL, 142 );
INSERT INTO Fatura VALUES( 143 ,12,125875123);
INSERT INTO Bilhete VALUES( 143 ,NULL);
INSERT INTO TipoBilhete VALUES('Bilhete Casa do Cinema',12,3, 143 );
INSERT INTO Compra VALUES( 143 ,NULL, 143 );
INSERT INTO Fatura VALUES( 144 ,12,125875123);
INSERT INTO Bilhete VALUES( 144 ,0.1);
INSERT INTO TipoBilhete VALUES('Bilhete Museu',12,1, 144 );
INSERT INTO Compra VALUES( 144 ,NULL, 144 );
INSERT INTO Fatura VALUES( 145 ,20,125875123);
INSERT INTO Bilhete VALUES( 145 ,NULL);
INSERT INTO TipoBilhete VALUES('Bilhete Geral',20,1, 145 );
INSERT INTO TipoBilhete VALUES('Bilhete Geral',20,2, 145 );
INSERT INTO TipoBilhete VALUES('Bilhete Geral',20,3, 145 );
INSERT INTO TipoBilhete VALUES('Bilhete Geral',20,4, 145 );
INSERT INTO Compra VALUES( 145 ,NULL, 145 );
INSERT INTO Fatura VALUES( 146 ,20,125875123);
INSERT INTO Bilhete VALUES( 146 ,NULL);
INSERT INTO TipoBilhete VALUES('Bilhete Geral',20,1, 146 );
INSERT INTO TipoBilhete VALUES('Bilhete Geral',20,2, 146 );
INSERT INTO TipoBilhete VALUES('Bilhete Geral',20,3, 146 );
INSERT INTO TipoBilhete VALUES('Bilhete Geral',20,4, 146 );
INSERT INTO Compra VALUES( 146 ,NULL, 146 );
INSERT INTO Fatura VALUES( 147 ,12,125875123);
INSERT INTO Bilhete VALUES( 147 ,NULL);
INSERT INTO TipoBilhete VALUES('Bilhete Casa do Cinema',12,3, 147 );
INSERT INTO Compra VALUES( 147 ,NULL, 147 );
INSERT INTO Fatura VALUES( 148 ,12,125875123);
INSERT INTO Bilhete VALUES( 148 ,NULL);
INSERT INTO TipoBilhete VALUES('Bilhete Museu',12,1, 148 );
INSERT INTO Compra VALUES( 148 ,NULL, 148 );
INSERT INTO Fatura VALUES( 149 ,20,125875123);
INSERT INTO Bilhete VALUES( 149 ,NULL);
INSERT INTO TipoBilhete VALUES('Bilhete Geral',20,1, 149 );
INSERT INTO TipoBilhete VALUES('Bilhete Geral',20,2, 149 );
INSERT INTO TipoBilhete VALUES('Bilhete Geral',20,3, 149 );
INSERT INTO TipoBilhete VALUES('Bilhete Geral',20,4, 149 );
INSERT INTO Compra VALUES( 149 ,NULL, 149 );
INSERT INTO Fatura VALUES( 150 ,12,123687642);
INSERT INTO Bilhete VALUES( 150 ,NULL);
INSERT INTO TipoBilhete VALUES('Bilhete Casa do Cinema',12,3, 150 );
INSERT INTO Compra VALUES( 150 ,NULL, 150 );
INSERT INTO Fatura VALUES( 151 ,12,125875123);
INSERT INTO Bilhete VALUES( 151 ,NULL);
INSERT INTO TipoBilhete VALUES('Bilhete Casa do Cinema',12,3, 151 );
INSERT INTO Compra VALUES( 151 ,NULL, 151 );
INSERT INTO Fatura VALUES( 152 ,12,123687642);
INSERT INTO Bilhete VALUES( 152 ,NULL);
INSERT INTO TipoBilhete VALUES('Bilhete Casa do Cinema',12,3, 152 );
INSERT INTO Compra VALUES( 152 ,NULL, 152 );
INSERT INTO Fatura VALUES( 153 ,12,123687642);
INSERT INTO Bilhete VALUES( 153 ,NULL);
INSERT INTO TipoBilhete VALUES('Bilhete Parque',12,4, 153 );
INSERT INTO Compra VALUES( 153 ,NULL, 153 );
INSERT INTO Fatura VALUES( 154 ,12,123687642);
INSERT INTO Bilhete VALUES( 154 ,NULL);
INSERT INTO TipoBilhete VALUES('Bilhete Casa do Cinema',12,3, 154 );
INSERT INTO Compra VALUES( 154 ,NULL, 154 );
INSERT INTO Fatura VALUES( 155 ,12,125875123);
INSERT INTO Bilhete VALUES( 155 ,NULL);
INSERT INTO TipoBilhete VALUES('Bilhete Parque',12,4, 155 );
INSERT INTO Compra VALUES( 155 ,NULL, 155 );
INSERT INTO Fatura VALUES( 156 ,12,125875123);
INSERT INTO Bilhete VALUES( 156 ,NULL);
INSERT INTO TipoBilhete VALUES('Bilhete Museu',12,1, 156 );
INSERT INTO Compra VALUES( 156 ,NULL, 156 );
INSERT INTO Fatura VALUES( 157 ,12,125875123);
INSERT INTO Bilhete VALUES( 157 ,NULL);
INSERT INTO TipoBilhete VALUES('Bilhete Museu',12,1, 157 );
INSERT INTO Compra VALUES( 157 ,NULL, 157 );
INSERT INTO Fatura VALUES( 158 ,20,125875123);
INSERT INTO Bilhete VALUES( 158 ,NULL);
INSERT INTO TipoBilhete VALUES('Bilhete Geral',20,1, 158 );
INSERT INTO TipoBilhete VALUES('Bilhete Geral',20,2, 158 );
INSERT INTO TipoBilhete VALUES('Bilhete Geral',20,3, 158 );
INSERT INTO TipoBilhete VALUES('Bilhete Geral',20,4, 158 );
INSERT INTO Compra VALUES( 158 ,NULL, 158 );
INSERT INTO Fatura VALUES( 159 ,12,123687642);
INSERT INTO Bilhete VALUES( 159 ,NULL);
INSERT INTO TipoBilhete VALUES('Bilhete Parque',12,4, 159 );
INSERT INTO Compra VALUES( 159 ,NULL, 159 );
INSERT INTO Fatura VALUES( 160 ,20,125875123);
INSERT INTO Bilhete VALUES( 160 ,NULL);
INSERT INTO TipoBilhete VALUES('Bilhete Geral',20,1, 160 );
INSERT INTO TipoBilhete VALUES('Bilhete Geral',20,2, 160 );
INSERT INTO TipoBilhete VALUES('Bilhete Geral',20,3, 160 );
INSERT INTO TipoBilhete VALUES('Bilhete Geral',20,4, 160 );
INSERT INTO Compra VALUES( 160 ,NULL, 160 );
INSERT INTO Fatura VALUES( 161 ,12,123687642);
INSERT INTO Bilhete VALUES( 161 ,NULL);
INSERT INTO TipoBilhete VALUES('Bilhete Museu',12,1, 161 );
INSERT INTO Compra VALUES( 161 ,NULL, 161 );
INSERT INTO Fatura VALUES( 162 ,20,125875123);
INSERT INTO Bilhete VALUES( 162 ,NULL);
INSERT INTO TipoBilhete VALUES('Bilhete Geral',20,1, 162 );
INSERT INTO TipoBilhete VALUES('Bilhete Geral',20,2, 162 );
INSERT INTO TipoBilhete VALUES('Bilhete Geral',20,3, 162 );
INSERT INTO TipoBilhete VALUES('Bilhete Geral',20,4, 162 );
INSERT INTO Compra VALUES( 162 ,NULL, 162 );
INSERT INTO Fatura VALUES( 163 ,20,125875123);
INSERT INTO Bilhete VALUES( 163 ,NULL);
INSERT INTO TipoBilhete VALUES('Bilhete Geral',20,1, 163 );
INSERT INTO TipoBilhete VALUES('Bilhete Geral',20,2, 163 );
INSERT INTO TipoBilhete VALUES('Bilhete Geral',20,3, 163 );
INSERT INTO TipoBilhete VALUES('Bilhete Geral',20,4, 163 );
INSERT INTO Compra VALUES( 163 ,NULL, 163 );
INSERT INTO Fatura VALUES( 164 ,12,123687642);
INSERT INTO Bilhete VALUES( 164 ,NULL);
INSERT INTO TipoBilhete VALUES('Bilhete Casa do Cinema',12,3, 164 );
INSERT INTO Compra VALUES( 164 ,NULL, 164 );
INSERT INTO Fatura VALUES( 165 ,20,125875123);
INSERT INTO Bilhete VALUES( 165 ,NULL);
INSERT INTO TipoBilhete VALUES('Bilhete Geral',20,1, 165 );
INSERT INTO TipoBilhete VALUES('Bilhete Geral',20,2, 165 );
INSERT INTO TipoBilhete VALUES('Bilhete Geral',20,3, 165 );
INSERT INTO TipoBilhete VALUES('Bilhete Geral',20,4, 165 );
INSERT INTO Compra VALUES( 165 ,NULL, 165 );
INSERT INTO Fatura VALUES( 166 ,12,123687642);
INSERT INTO Bilhete VALUES( 166 ,NULL);
INSERT INTO TipoBilhete VALUES('Bilhete Casa do Cinema',12,3, 166 );
INSERT INTO Compra VALUES( 166 ,NULL, 166 );
INSERT INTO Fatura VALUES( 167 ,12,125875123);
INSERT INTO Bilhete VALUES( 167 ,NULL);
INSERT INTO TipoBilhete VALUES('Bilhete Casa do Cinema',12,3, 167 );
INSERT INTO Compra VALUES( 167 ,NULL, 167 );
INSERT INTO Fatura VALUES( 168 ,12,123687642);
INSERT INTO Bilhete VALUES( 168 ,NULL);
INSERT INTO TipoBilhete VALUES('Bilhete Casa do Cinema',12,3, 168 );
INSERT INTO Compra VALUES( 168 ,NULL, 168 );
INSERT INTO Fatura VALUES( 169 ,12,125875123);
INSERT INTO Bilhete VALUES( 169 ,NULL);
INSERT INTO TipoBilhete VALUES('Bilhete Casa do Cinema',12,3, 169 );
INSERT INTO Compra VALUES( 169 ,NULL, 169 );
INSERT INTO Fatura VALUES( 170 ,12,125875123);
INSERT INTO Bilhete VALUES( 170 ,NULL);
INSERT INTO TipoBilhete VALUES('Bilhete Parque',12,4, 170 );
INSERT INTO Compra VALUES( 170 ,NULL, 170 );
INSERT INTO Fatura VALUES( 171 ,12,125875123);
INSERT INTO Bilhete VALUES( 171 ,NULL);
INSERT INTO TipoBilhete VALUES('Bilhete Casa do Cinema',12,3, 171 );
INSERT INTO Compra VALUES( 171 ,NULL, 171 );
INSERT INTO Fatura VALUES( 172 ,20,125875123);
INSERT INTO Bilhete VALUES( 172 ,NULL);
INSERT INTO TipoBilhete VALUES('Bilhete Geral',20,1, 172 );
INSERT INTO TipoBilhete VALUES('Bilhete Geral',20,2, 172 );
INSERT INTO TipoBilhete VALUES('Bilhete Geral',20,3, 172 );
INSERT INTO TipoBilhete VALUES('Bilhete Geral',20,4, 172 );
INSERT INTO Compra VALUES( 172 ,NULL, 172 );
INSERT INTO Fatura VALUES( 173 ,20,125875123);
INSERT INTO Bilhete VALUES( 173 ,NULL);
INSERT INTO TipoBilhete VALUES('Bilhete Geral',20,1, 173 );
INSERT INTO TipoBilhete VALUES('Bilhete Geral',20,2, 173 );
INSERT INTO TipoBilhete VALUES('Bilhete Geral',20,3, 173 );
INSERT INTO TipoBilhete VALUES('Bilhete Geral',20,4, 173 );
INSERT INTO Compra VALUES( 173 ,NULL, 173 );
INSERT INTO Fatura VALUES( 174 ,12,123687642);
INSERT INTO Bilhete VALUES( 174 ,NULL);
INSERT INTO TipoBilhete VALUES('Bilhete Casa do Cinema',12,3, 174 );
INSERT INTO Compra VALUES( 174 ,NULL, 174 );
INSERT INTO Fatura VALUES( 175 ,20,123687642);
INSERT INTO Bilhete VALUES( 175 ,NULL);
INSERT INTO TipoBilhete VALUES('Bilhete Geral',20,1, 175 );
INSERT INTO TipoBilhete VALUES('Bilhete Geral',20,2, 175 );
INSERT INTO TipoBilhete VALUES('Bilhete Geral',20,3, 175 );
INSERT INTO TipoBilhete VALUES('Bilhete Geral',20,4, 175 );
INSERT INTO Compra VALUES( 175 ,NULL, 175 );
INSERT INTO Fatura VALUES( 176 ,20,125875123);
INSERT INTO Bilhete VALUES( 176 ,NULL);
INSERT INTO TipoBilhete VALUES('Bilhete Geral',20,1, 176 );
INSERT INTO TipoBilhete VALUES('Bilhete Geral',20,2, 176 );
INSERT INTO TipoBilhete VALUES('Bilhete Geral',20,3, 176 );
INSERT INTO TipoBilhete VALUES('Bilhete Geral',20,4, 176 );
INSERT INTO Compra VALUES( 176 ,NULL, 176 );
INSERT INTO Fatura VALUES( 177 ,20,125875123);
INSERT INTO Bilhete VALUES( 177 ,NULL);
INSERT INTO TipoBilhete VALUES('Bilhete Geral',20,1, 177 );
INSERT INTO TipoBilhete VALUES('Bilhete Geral',20,2, 177 );
INSERT INTO TipoBilhete VALUES('Bilhete Geral',20,3, 177 );
INSERT INTO TipoBilhete VALUES('Bilhete Geral',20,4, 177 );
INSERT INTO Compra VALUES( 177 ,NULL, 177 );
INSERT INTO Fatura VALUES( 178 ,12,125875123);
INSERT INTO Bilhete VALUES( 178 ,NULL);
INSERT INTO TipoBilhete VALUES('Bilhete Parque',12,4, 178 );
INSERT INTO Compra VALUES( 178 ,NULL, 178 );
INSERT INTO Fatura VALUES( 179 ,12,125875123);
INSERT INTO Bilhete VALUES( 179 ,NULL);
INSERT INTO TipoBilhete VALUES('Bilhete Casa do Cinema',12,3, 179 );
INSERT INTO Compra VALUES( 179 ,NULL, 179 );
INSERT INTO Fatura VALUES( 180 ,12,125875123);
INSERT INTO Bilhete VALUES( 180 ,NULL);
INSERT INTO TipoBilhete VALUES('Bilhete Museu',12,1, 180 );
INSERT INTO Compra VALUES( 180 ,NULL, 180 );
INSERT INTO Fatura VALUES( 181 ,12,125875123);
INSERT INTO Bilhete VALUES( 181 ,NULL);
INSERT INTO TipoBilhete VALUES('Bilhete Casa do Cinema',12,3, 181 );
INSERT INTO Compra VALUES( 181 ,NULL, 181 );
INSERT INTO Fatura VALUES( 182 ,20,123687642);
INSERT INTO Bilhete VALUES( 182 ,NULL);
INSERT INTO TipoBilhete VALUES('Bilhete Geral',20,1, 182 );
INSERT INTO TipoBilhete VALUES('Bilhete Geral',20,2, 182 );
INSERT INTO TipoBilhete VALUES('Bilhete Geral',20,3, 182 );
INSERT INTO TipoBilhete VALUES('Bilhete Geral',20,4, 182 );
INSERT INTO Compra VALUES( 182 ,NULL, 182 );
INSERT INTO Fatura VALUES( 183 ,12,125875123);
INSERT INTO Bilhete VALUES( 183 ,NULL);
INSERT INTO TipoBilhete VALUES('Bilhete Casa do Cinema',12,3, 183 );
INSERT INTO Compra VALUES( 183 ,NULL, 183 );
INSERT INTO Fatura VALUES( 184 ,20,125875123);
INSERT INTO Bilhete VALUES( 184 ,NULL);
INSERT INTO TipoBilhete VALUES('Bilhete Geral',20,1, 184 );
INSERT INTO TipoBilhete VALUES('Bilhete Geral',20,2, 184 );
INSERT INTO TipoBilhete VALUES('Bilhete Geral',20,3, 184 );
INSERT INTO TipoBilhete VALUES('Bilhete Geral',20,4, 184 );
INSERT INTO Compra VALUES( 184 ,NULL, 184 );
INSERT INTO Fatura VALUES( 185 ,20,125875123);
INSERT INTO Bilhete VALUES( 185 ,NULL);
INSERT INTO TipoBilhete VALUES('Bilhete Geral',20,1, 185 );
INSERT INTO TipoBilhete VALUES('Bilhete Geral',20,2, 185 );
INSERT INTO TipoBilhete VALUES('Bilhete Geral',20,3, 185 );
INSERT INTO TipoBilhete VALUES('Bilhete Geral',20,4, 185 );
INSERT INTO Compra VALUES( 185 ,NULL, 185 );
INSERT INTO Fatura VALUES( 186 ,20,125875123);
INSERT INTO Bilhete VALUES( 186 ,NULL);
INSERT INTO TipoBilhete VALUES('Bilhete Geral',20,1, 186 );
INSERT INTO TipoBilhete VALUES('Bilhete Geral',20,2, 186 );
INSERT INTO TipoBilhete VALUES('Bilhete Geral',20,3, 186 );
INSERT INTO TipoBilhete VALUES('Bilhete Geral',20,4, 186 );
INSERT INTO Compra VALUES( 186 ,NULL, 186 );
INSERT INTO Fatura VALUES( 187 ,12,125875123);
INSERT INTO Bilhete VALUES( 187 ,NULL);
INSERT INTO TipoBilhete VALUES('Bilhete Casa do Cinema',12,3, 187 );
INSERT INTO Compra VALUES( 187 ,NULL, 187 );
INSERT INTO Fatura VALUES( 188 ,12,125875123);
INSERT INTO Bilhete VALUES( 188 ,NULL);
INSERT INTO TipoBilhete VALUES('Bilhete Parque',12,4, 188 );
INSERT INTO Compra VALUES( 188 ,NULL, 188 );
INSERT INTO Fatura VALUES( 189 ,12,125875123);
INSERT INTO Bilhete VALUES( 189 ,NULL);
INSERT INTO TipoBilhete VALUES('Bilhete Casa do Cinema',12,3, 189 );
INSERT INTO Compra VALUES( 189 ,NULL, 189 );
INSERT INTO Fatura VALUES( 190 ,12,125875123);
INSERT INTO Bilhete VALUES( 190 ,NULL);
INSERT INTO TipoBilhete VALUES('Bilhete Museu',12,1, 190 );
INSERT INTO Compra VALUES( 190 ,NULL, 190 );
INSERT INTO Fatura VALUES( 191 ,12,125875123);
INSERT INTO Bilhete VALUES( 191 ,NULL);
INSERT INTO TipoBilhete VALUES('Bilhete Casa do Cinema',12,3, 191 );
INSERT INTO Compra VALUES( 191 ,NULL, 191 );
INSERT INTO Fatura VALUES( 192 ,12,123687642);
INSERT INTO Bilhete VALUES( 192 ,NULL);
INSERT INTO TipoBilhete VALUES('Bilhete Casa do Cinema',12,3, 192 );
INSERT INTO Compra VALUES( 192 ,NULL, 192 );
INSERT INTO Fatura VALUES( 193 ,12,125875123);
INSERT INTO Bilhete VALUES( 193 ,NULL);
INSERT INTO TipoBilhete VALUES('Bilhete Parque',12,4, 193 );
INSERT INTO Compra VALUES( 193 ,NULL, 193 );
INSERT INTO Fatura VALUES( 194 ,12,123687642);
INSERT INTO Bilhete VALUES( 194 ,NULL);
INSERT INTO TipoBilhete VALUES('Bilhete Casa do Cinema',12,3, 194 );
INSERT INTO Compra VALUES( 194 ,NULL, 194 );
INSERT INTO Fatura VALUES( 195 ,12,123687642);
INSERT INTO Bilhete VALUES( 195 ,NULL);
INSERT INTO TipoBilhete VALUES('Bilhete Parque',12,4, 195 );
INSERT INTO Compra VALUES( 195 ,NULL, 195 );
INSERT INTO Fatura VALUES( 196 ,20,123687642);
INSERT INTO Bilhete VALUES( 196 ,NULL);
INSERT INTO TipoBilhete VALUES('Bilhete Geral',20,1, 196 );
INSERT INTO TipoBilhete VALUES('Bilhete Geral',20,2, 196 );
INSERT INTO TipoBilhete VALUES('Bilhete Geral',20,3, 196 );
INSERT INTO TipoBilhete VALUES('Bilhete Geral',20,4, 196 );
INSERT INTO Compra VALUES( 196 ,NULL, 196 );
INSERT INTO Fatura VALUES( 197 ,12,125875123);
INSERT INTO Bilhete VALUES( 197 ,NULL);
INSERT INTO TipoBilhete VALUES('Bilhete Casa do Cinema',12,3, 197 );
INSERT INTO Compra VALUES( 197 ,NULL, 197 );
INSERT INTO Fatura VALUES( 198 ,20,125875123);
INSERT INTO Bilhete VALUES( 198 ,NULL);
INSERT INTO TipoBilhete VALUES('Bilhete Geral',20,1, 198 );
INSERT INTO TipoBilhete VALUES('Bilhete Geral',20,2, 198 );
INSERT INTO TipoBilhete VALUES('Bilhete Geral',20,3, 198 );
INSERT INTO TipoBilhete VALUES('Bilhete Geral',20,4, 198 );
INSERT INTO Compra VALUES( 198 ,NULL, 198 );
INSERT INTO Fatura VALUES( 199 ,12,125875123);
INSERT INTO Bilhete VALUES( 199 ,NULL);
INSERT INTO TipoBilhete VALUES('Bilhete Museu',12,1, 199 );
INSERT INTO Compra VALUES( 199 ,NULL, 199 );
INSERT INTO Fatura VALUES( 200 ,12,123687642);
INSERT INTO Bilhete VALUES( 200 ,NULL);
INSERT INTO TipoBilhete VALUES('Bilhete Casa do Cinema',12,3, 200 );
INSERT INTO Compra VALUES( 200 ,NULL, 200 );
INSERT INTO Fatura VALUES( 201 ,60,123687642);
INSERT INTO Bilhete VALUES( 201 ,NULL);
INSERT INTO TipoBilhete VALUES('Bilhete Geral',20,1, 201 );
INSERT INTO TipoBilhete VALUES('Bilhete Geral',20,2, 201 );
INSERT INTO TipoBilhete VALUES('Bilhete Geral',20,3, 201 );
INSERT INTO TipoBilhete VALUES('Bilhete Geral',20,4, 201 );
INSERT INTO Bilhete VALUES( 202 ,NULL);
INSERT INTO TipoBilhete VALUES('Bilhete Geral',20,1, 202 );
INSERT INTO TipoBilhete VALUES('Bilhete Geral',20,2, 202 );
INSERT INTO TipoBilhete VALUES('Bilhete Geral',20,3, 202 );
INSERT INTO TipoBilhete VALUES('Bilhete Geral',20,4, 202 );
INSERT INTO Bilhete VALUES( 203 ,NULL);
INSERT INTO TipoBilhete VALUES('Bilhete Geral',20,1, 203 );
INSERT INTO TipoBilhete VALUES('Bilhete Geral',20,2, 203 );
INSERT INTO TipoBilhete VALUES('Bilhete Geral',20,3, 203 );
INSERT INTO TipoBilhete VALUES('Bilhete Geral',20,4, 203 );
INSERT INTO Compra VALUES( 201 ,236233277, 201 );
INSERT INTO Compra VALUES( 201 ,236233277, 202 );
INSERT INTO Compra VALUES( 201 ,236233277, 203 );



/*A*/

INSERT INTO Artista VALUES ( 70826281, 'Ignasi Aballí', NULL, NULL, 'Espanhola', 'Já expôs na Bienal de Veneza, na Bienal de Gwangju e na Bienal de Sydney. Recebeu o prestigioso prêmio Joan Miró em 2015. Aballí realizou uma exposição itinerante entre 1995 e 2015, que envolveu mostras no MACBA em Barcelona, ​​na Ikon Gallery em Birmingham e no ZKM em Karlsruhe.');
INSERT INTO Artista VALUES ( 31417902, 'Mathieu Abonnenc', NULL, NULL, 'França', 'Mathieu Kleyebe Abonnenc (Paris, 1977) tem particular interesse nos movimentos de libertação de ex-colónias portuguesas Cabo Verde e Guiné-Bissau.');
INSERT INTO Artista VALUES ( 72150389, 'Gabriel Abrantes', NULL, NULL, 'Americana', NULL);
INSERT INTO Artista VALUES ( 80133547, 'Vito Acconci', '1940-01-24', '2017-04-27', 'Americana', NULL);
INSERT INTO Artista VALUES ( 49727583, 'Etel Adnan', NULL, NULL, 'Sírio', NULL);
INSERT INTO Artista VALUES ( 80855554, 'Nadir Afonso', '1920-12-04', '2013-12-11', 'Portuguesa', 'Nadir Afonso Rodrigues foi um arquitecto, pintor e pensador português. Diplomado em arquitectura, trabalhou com Le Corbusier e Oscar Niemeyer. Nadir Afonso estudou pintura em Paris e foi um dos pioneiros da arte cinética, trabalhando ao lado de Victor Vasarely, Fernand Léger, August Herbin e André Bloc.');
INSERT INTO Artista VALUES ( 45694110, 'Fernando Aguiar', '1972-03-18', NULL, 'Portuguesa', NULL);
INSERT INTO Artista VALUES ( 34345113, 'Maria José Aguiar', NULL, NULL, 'Portuguesa', NULL);
INSERT INTO Artista VALUES ( 70743591, 'Rui Aguiar', NULL, NULL, 'Portuguesa', NULL);
INSERT INTO Artista VALUES ( 94768632, 'Pierre Alechinsky', '1927-10-19', NULL, 'Belga', 'Pierre Alechinsky é um pintor e gravurista belga, mora e trabalha em França desde 1951. É membro do grupo Jovem Pintura Belga e integrante do Grupo COBRA. Marcada pela espontaneidade e pelo estilo violento de criação, sua obra caminha pela abstração e pelas múltiplas formas de explorar a criatividade.');
INSERT INTO Artista VALUES ( 70063590, 'Amélia Alexandre', NULL, NULL, NULL, NULL);
INSERT INTO Artista VALUES ( 68944668, 'Helena Almeida', NULL, NULL, 'Portuguesa', NULL);
INSERT INTO Artista VALUES ( 96419953, 'Patrícia Almeida', NULL, NULL, 'Portuguesa', NULL);
INSERT INTO Artista VALUES ( 83861369, 'Rosa Almeida', NULL, NULL, 'Portuguesa', NULL);
INSERT INTO Artista VALUES ( 12260380, 'Sónia Almeida', NULL, NULL, 'Portuguesa', NULL);
INSERT INTO Artista VALUES ( 92342128, 'Dario Alvarez Basso', '1966-05-12', NULL, 'Venezuelana', NULL);
INSERT INTO Artista VALUES ( 27839978, 'Armando Alves', NULL, NULL, 'Portuguesa', NULL);
INSERT INTO Artista VALUES ( 40569231, 'Dario Alves', NULL, NULL, 'Portuguesa', NULL);
INSERT INTO Artista VALUES ( 31422763, 'Manuel Alvess', NULL, NULL, 'Portuguesa', NULL);
INSERT INTO Artista VALUES ( 47066036, 'Manuel Amorim', NULL, NULL, 'Portuguesa', NULL);
INSERT INTO Artista VALUES ( 80730329, 'Mário Américo', '1912-07-28', '1990-04-09', 'Portuguesa', NULL);
INSERT INTO Artista VALUES ( 87877241, 'Giovanni Anselmo', NULL, NULL, 'Italiana', 'Giovanni Anselmo é um escultor italiano e um dos principais representantes da Arte Povera, que consiste em se aproximar da natureza material orgânico e inorgânico, geralmente de origem agrícola.');
INSERT INTO Artista VALUES ( 85814237, 'Ant Farm', NULL, NULL, NULL, NULL);
INSERT INTO Artista VALUES ( 12056400, 'Eleanor Antin', '1935-02-27', NULL, 'Americana', 'Eleanor Antin é uma artista performática, cineasta, artista de instalações, artista conceitual e artista feminista americana. Marcos, o programa de arte pública da Universidade do Texas em Austin, exibiu The Little Match Girl Ballet e arquivou um ensaio dedicado a Antin e seu trabalho em seu site');
INSERT INTO Artista VALUES ( 50398424, 'Leonor Antunes', NULL, NULL, 'Portuguesa', NULL);
INSERT INTO Artista VALUES ( 64830985, 'António Aragão', '1925-09-22', '2008-08-11', 'Portuguesa', 'António Manuel de Sousa Aragão Mendes Correia foi um escritor, poeta, historiador e pintor português.');
INSERT INTO Artista VALUES ( 18046203, 'Ei Arakawa', '1977-08-02', NULL, 'Americana', NULL);
INSERT INTO Artista VALUES ( 34333139, 'Shusaku Arakawa', '1936-07-06', '2010-05-18', NULL, NULL);
INSERT INTO Artista VALUES ( 34341194, 'Vasco Araújo', NULL, NULL, 'Portuguesa', NULL);
INSERT INTO Artista VALUES ( 27321771, 'António Areal', NULL, NULL, 'Portuguesa', NULL);
INSERT INTO Artista VALUES ( 15944567, 'Sofia Areal', NULL, NULL, 'Portuguesa', NULL);
INSERT INTO Artista VALUES ( 97982425, 'Eduardo Arroyo', NULL, NULL, 'Portuguesa', NULL);
INSERT INTO Artista VALUES ( 48437889, 'Richard Artschwager', '1923-12-26', '2013-02-09', NULL, NULL);
INSERT INTO Artista VALUES ( 90964596, 'David Askevold', NULL, NULL, NULL, NULL);
INSERT INTO Artista VALUES ( 30726121, 'Armando Azevedo', NULL, NULL, 'Portuguesa', NULL);
INSERT INTO Artista VALUES ( 92867389, 'Jaime Azinheira', '1944-08-20', '2016-01-04', 'Portuguesa', 'Escultor português.');

/*B*/

INSERT INTO Artista VALUES ( 79721384, 'Alexandra Bachzetsis', '1974-12-12', NULL, NULL, 'eus meios artísticos incluem artes visuais, dança, performance e teatro');
INSERT INTO Artista VALUES ( 62384626, 'John Baldessari', '1931-10-17', '2020-10-02', 'Americano', 'John Anthony Baldessari foi um artista conceitual americano conhecido por seu trabalho com fotografias encontradas e imagens apropriadas. Ele viveu e trabalhou em Santa Monica e Venice, Califórnia. Inicialmente pintor, Baldessari passou a incorporar textos e fotografias em suas telas em meados da década de 1960.');
INSERT INTO Artista VALUES ( 11174289, 'Miroslaw Balka', '1958-12-16', NULL, NULL, NULL);
INSERT INTO Artista VALUES ( 51155376, 'Manuel Baptista', NULL, NULL, 'Portuguesa', NULL);
INSERT INTO Artista VALUES ( 30063972, 'Pedro Barateiro', NULL, NULL, 'Portuguesa', NULL);
INSERT INTO Artista VALUES ( 65822224, 'Yto Barrada', NULL, NULL, NULL, NULL);
INSERT INTO Artista VALUES ( 27135057, 'Carlos Barreira', '1945-03-04', NULL, 'Portuguesa', NULL);
INSERT INTO Artista VALUES ( 38227350, 'José Barrias', NULL, NULL, 'Portuguesa', NULL);
INSERT INTO Artista VALUES ( 13115334, 'António Barros', NULL, NULL, 'Portuguesa', NULL);
INSERT INTO Artista VALUES ( 10507289, 'Eduardo Batarda', NULL, NULL, 'Portuguesa', NULL);
INSERT INTO Artista VALUES ( 98843488, 'Lothar Baumgarten', '1944-10-05', '2018-12-02', 'Alemã', 'Lothar Baumgarten era um artista conceitual alemão, baseado em Nova York e Berlim. Seu trabalho inclui instalação e filme.');
INSERT INTO Artista VALUES ( 12469982, 'Maria Beatriz', NULL, NULL, 'Portuguesa', NULL);
INSERT INTO Artista VALUES ( 61693972, 'Lynda Benglis', NULL, NULL, NULL, NULL);
INSERT INTO Artista VALUES ( 82334784, 'Bernd Becher', '1931-08-20', '2007-06-22', NULL, NULL);
INSERT INTO Artista VALUES ( 19138950, 'René Bertholo', NULL, NULL, NULL, NULL);
INSERT INTO Artista VALUES ( 16654822, 'Michael Biberstein', '1948-11-07', '2011-05-05', NULL, NULL);
INSERT INTO Artista VALUES ( 93485938, 'Dara Birnbaum', NULL, NULL, NULL, 'Dara Birnbaum é uma artista americana de vídeo e instalações. Birnbaum entrou no campo nascente da videoarte em meados da década de 1970, desafiando os preconceitos de gênero do período e a presença cada vez maior da televisão no lar americano');
INSERT INTO Artista VALUES ( 12663875, 'Mel Bochner', NULL, NULL, 'Americana', 'Mel Bochner é um artista conceitual americano. Bochner recebeu seu BFA em 1962 e doutor honorário em Belas Artes em 2005 pela Escola de Arte da Universidade Carnegie Mellon. Ele mora na cidade de Nova York.');
INSERT INTO Artista VALUES ( 59999648, 'Christian Boltanski', '1944-09-06', NULL, NULL, NULL);
INSERT INTO Artista VALUES ( 61849393, 'Tiziana Bonazzola', NULL, NULL, NULL, NULL);
INSERT INTO Artista VALUES ( 48041802, 'Carlos Botelho', '1899-09-18', '1982-08-18', 'Portuguesa', 'Carlos António Teixeira Basto Nunes Botelho, foi um pintor, ilustrador e caricaturista português. A sua atividade desenvolveu-se ao longo de um período dilatado do século XX e repartiu-se por uma multiplicidade de atividades.');
INSERT INTO Artista VALUES ( 64605310, 'Miguel Branco', NULL, NULL, 'Portuguesa', 'studou Artes Plásticas na Faculdade de Belas Artes - Universidade de Lisboa.');
INSERT INTO Artista VALUES ( 90991952, 'Herbert Brandl', '1959-01-17', NULL, NULL, NULL);
INSERT INTO Artista VALUES ( 57063780, 'Joaquim Bravo', '1935-12-17', '1990-06-18', NULL, NULL);
INSERT INTO Artista VALUES ( 94177145, 'Paulo Brighenti', NULL, NULL, NULL, 'Vive e trabalha em Lisboa, tendo em anos recentes, iniciado a sua prática num atelier no campo');
INSERT INTO Artista VALUES ( 73847578, 'Fernando Brito', NULL, NULL, 'Portuguesa', NULL);
INSERT INTO Artista VALUES ( 31058192, 'Manuela Bronze', NULL, NULL, 'Portuguesa', 'Manuela Bronze. Artista Plástica e Figurinista. Nasceu em Moçambique, vive e trabalha no Porto.');
INSERT INTO Artista VALUES ( 65486065, 'Marcel Broodthaers', '1924-01-28', '1976-01-28', NULL, NULL);
INSERT INTO Artista VALUES ( 6980824, 'Artur Bual', NULL, NULL, NULL, 'Artur Bual foi um artista plástico português que influenciou de forma determinante a arte em Portugal na segunda metade do século XX. Embora escultor e ceramista, é como pintor gestualista que a sua obra artística é mais reconhecida. Realizou diversas exposições em Portugal e no estrangeiro');
INSERT INTO Artista VALUES ( 21132451, 'Angela Bulloch', NULL, NULL, 'Canadiena', 'Angela Bulloch, é uma artista que frequentemente trabalha com som e instalação; ela é reconhecida como uma das jovens artistas britânicas. Bulloch vive e trabalha em Berlim.');
INSERT INTO Artista VALUES ( 83876704, 'Chris Burden', '1946-04-11', '2015-05-10', 'Americana', 'Christopher Lee Burden era um artista americano que trabalhava na performance, escultura e arte de instalação. Burden ficou conhecido na década de 1970 por suas obras de arte performática, incluindo Shoot, onde organizou um amigo para dar um tiro no braço dele com um rifle de pequeno calibre');
INSERT INTO Artista VALUES ( 39096230, 'Bureau détudes', NULL, NULL, NULL, 'Um estúdio de design ou escritório de desenho é um local de trabalho para designers e artesãos que se dedicam a conceber, projetar e desenvolver novos produtos ou objetos.');
INSERT INTO Artista VALUES ( 78254776, 'Gerardo Burmester', NULL, NULL, NULL, 'Vive e trabalha no Porto. Inicia a apresentação do seu trabalho na segunda metade da década de 70.');
INSERT INTO Artista VALUES ( 11799832, 'James Lee Byars', '1932-04-10', '1997-05-23', NULL, NULL);
INSERT INTO Artista VALUES ( 53169314, 'Silvia Bächli', '1956-03-16', NULL, 'Suiça', NULL);


/*C*/

INSERT INTO Artista VALUES ( 77435425, 'Cabrita', NULL, NULL, 'Portuguesa', NULL);
INSERT INTO Artista VALUES ( 3461912, 'Pedro Calapez',NULL, NULL, 'Portuguesa', 'Pedro Manuel Delgado Calapez é um artista plástico português, vive e trabalha em Lisboa. Começou a participar em exposições nos anos 1970, tendo realizado a sua primeira individual em 1982. O seu trabalho tem sido mostrado em diversas galerias e museus tanto em Portugal como no estrangeiro.');
INSERT INTO Artista VALUES ( 63099592, 'Fernando Calhau', NULL, NULL, 'Portuguesa', NULL);
INSERT INTO Artista VALUES ( 85613208, 'Carlos Calvet', NULL, NULL, 'Portuguesa', NULL);
INSERT INTO Artista VALUES ( 15623192, 'Peter Campus', NULL, NULL, 'Americana', NULL);
INSERT INTO Artista VALUES ( 66744939, 'Rafael Canogar', '1935-05-17', NULL, 'Espanhola', NULL);
INSERT INTO Artista VALUES ( 74955286, 'Ernst Caramelle', '1952-13-15', NULL, 'Austriaca', NULL);
INSERT INTO Artista VALUES ( 10438466, 'Alberto Carneiro', '1937-09-20', '2017-04-15', 'Portuguesa', NULL);
INSERT INTO Artista VALUES ( 99353925, 'Carlos Carreiro', NULL, NULL, 'Portuguesa', NULL);
INSERT INTO Artista VALUES ( 18252203, 'Isabel Carvalho', NULL, NULL, 'Portuguesa', NULL);
INSERT INTO Artista VALUES ( 99663939, 'José de Carvalho', NULL, NULL, 'Portuguesa', NULL);
INSERT INTO Artista VALUES ( 42119905, 'Rosa Carvalho', NULL, NULL, 'Portuguesa', NULL);
INSERT INTO Artista VALUES ( 61346400, 'Zulmiro de Carvalho', '1940-03-12', NULL, 'Portuguesa', NULL);
INSERT INTO Artista VALUES ( 30340370, 'Manuel Casimiro', '1941-11-21', NULL, 'Portuguesa', NULL);
INSERT INTO Artista VALUES ( 37182349, 'Pedro Casqueiro', NULL, NULL, 'Portuguesa', NULL);
INSERT INTO Artista VALUES ( 54176337, 'Gerard Castello-Lopes', '1925-08-06', '2011-02-12', 'Portuguesa', 'Gérard Maria José Leveque de Castello-Lopes foi um fotógrafo, crítico e distribuidor de cinema português.');
INSERT INTO Artista VALUES ( 92951121, 'E. M. de Melo e Castro', NULL, NULL, 'Portuguesa', 'E. M. de Melo e Castro, nome literário de Ernesto Manuel Geraldes de Melo e Castro ComIH, foi um engenheiro, poeta, ensaísta, escritor e artista plástico português. Figura multifacetada, autor de uma obra caracterizada pela construção de experiências com vários materiais e vários média, a ação de E.');
INSERT INTO Artista VALUES ( 37355735, 'Lourdes Castro', '1930-12-09', NULL, 'Portuguesa', NULL);
INSERT INTO Artista VALUES ( 92721562, 'André Cepeda', NULL, NULL, 'Portuguesa', NULL);
INSERT INTO Artista VALUES ( 48352370, 'Mauro Cerqueira', NULL, NULL, 'Portuguesa', NULL);
INSERT INTO Artista VALUES ( 94904390, 'Rui Chafes', NULL, NULL, 'Portuguesa', 'Rui Chafes é um escultor português, vencedor do Prémio Pessoa, em 2015');
INSERT INTO Artista VALUES ( 55418515, 'António Charrua', '1925-05-06', '21-08-2008', 'Portuguesa', NULL);
INSERT INTO Artista VALUES ( 52861308, 'Sandro Chia', '1946-04-20', NULL, 'Portuguesa', NULL);
INSERT INTO Artista VALUES ( 80798897, 'Bruno Cidra', NULL, NULL, 'Portuguesa', NULL);
INSERT INTO Artista VALUES ( 95453378, 'Clegg and Guttmann', NULL, NULL, NULL, NULL);
INSERT INTO Artista VALUES ( 22629714, 'Fernando Pinto Coelho', NULL, NULL, 'Portuguesa', NULL);
INSERT INTO Artista VALUES ( 67936484, 'Guy de Cointet', NULL, NULL, 'Francesa', 'Guy de Cointet era um artista francês nascido na Califórnia que criou obras de texto e escultura, muitas vezes combinando-as como adereços e cenários em peças teatrais.');
INSERT INTO Artista VALUES ( 86206534, 'Gil Heitor Cortesão', NULL, NULL, 'Portuguesa', 'Vive e trabalha em Lisboa. Licenciou-se em Pintura na ESBAL em 1990. ');
INSERT INTO Artista VALUES ( 88461143, 'Luís Noronha da Costa', '1942-04-17', '2020-04-09', 'Portuguesa', 'Luís Mário [de Sousa] Azevedo de Noronha [e Meneses] da Costa foi um artista plástico e pintor português.');
INSERT INTO Artista VALUES ( 48482361, 'Luís Paulo Costa', NULL, NULL, 'Portuguesa', NULL);
INSERT INTO Artista VALUES ( 37963259, 'Pedro Costa', NULL, NULL, 'Portuguesa', NULL);
INSERT INTO Artista VALUES ( 69236215, 'Graça Pereira Coutinho', NULL, NULL, 'Portuguesa', NULL);
INSERT INTO Artista VALUES ( 37839325, 'Tony Cragg', '09-04-1949', NULL, 'Britânica', 'Sir Anthony Douglas Cragg CBE RA é um escultor britânico que vive na Alemanha.');
INSERT INTO Artista VALUES ( 19946609, 'José Pedro Croft', NULL, NULL, 'Portuguesa', NULL);
INSERT INTO Artista VALUES ( 13710051, 'Ricardo Cruz-Filipe', '1934-02-16', NULL, 'Portuguesa', NULL);
INSERT INTO Artista VALUES ( 58467787, 'Luisa Cunha', NULL, NULL, 'Portuguesa', NULL);

/*D*/

INSERT INTO Artista VALUES ( 85663247, 'António Dacosta', NULL, NULL, NULL, NULL);
INSERT INTO Artista VALUES ( 92161138, 'José Luís Darocha', NULL, NULL, NULL, NULL);
INSERT INTO Artista VALUES ( 903179, 'Patricia Dauder', NULL, NULL, NULL, NULL);
INSERT INTO Artista VALUES ( 86122956, 'Ilda David', NULL, NULL, NULL, NULL);
INSERT INTO Artista VALUES ( 86242807, 'De Rijke / De Rooij', NULL, NULL, NULL, NULL);
INSERT INTO Artista VALUES ( 21733727, 'Tacita Dean', NULL, NULL, NULL, NULL);
INSERT INTO Artista VALUES ( 46440489, 'Luís Demée', NULL, NULL, NULL, NULL);
INSERT INTO Artista VALUES ( 20271926, 'Jan Dibbets', NULL, NULL, NULL, NULL);
INSERT INTO Artista VALUES ( 63340221, 'John Divola', NULL, NULL, NULL, NULL);
INSERT INTO Artista VALUES ( 73848559, 'João Dixo', NULL, NULL, NULL, NULL);
INSERT INTO Artista VALUES ( 44154518, 'Jiri Georg Dokoupil', NULL, NULL, NULL, NULL);
INSERT INTO Artista VALUES ( 98326351, 'Tatjana Doll', NULL, NULL, NULL, NULL);
INSERT INTO Artista VALUES ( 11855678, 'Helmut Dorner', NULL, NULL, NULL, NULL);
INSERT INTO Artista VALUES ( 10401166, 'Luís Dourdil', NULL, NULL, NULL, NULL);
INSERT INTO Artista VALUES ( 19037809, 'Juan Downey', NULL, NULL, NULL, NULL);
INSERT INTO Artista VALUES ( 68717676, 'António Júlio Duarte', NULL, NULL, NULL, NULL);
INSERT INTO Artista VALUES ( 83192971, 'Armanda Duarte', NULL, NULL, NULL, NULL);
INSERT INTO Artista VALUES ( 99086898, 'Marlene Dumas', NULL, NULL, NULL, NULL);
INSERT INTO Artista VALUES ( 83696472, 'Jimmie Durham', NULL, NULL, NULL, NULL);

/*E*/

INSERT INTO Artista VALUES ( 21696258, 'Emerenciano', NULL, NULL, NULL, NULL);
INSERT INTO Artista VALUES ( 71455625, 'Haris Epaminonda', NULL, NULL, NULL, NULL);
INSERT INTO Artista VALUES ( 34186230, 'José Escada', NULL, NULL, NULL, NULL);
INSERT INTO Artista VALUES ( 89248800, 'Alexandre Estrela', NULL, NULL, NULL, NULL);
INSERT INTO Artista VALUES ( 22749942, 'Valie Export', NULL, NULL, NULL, NULL);

/*F*/

INSERT INTO Artista VALUES ( 29887909, 'Monir Shahroudy Farmanfarmaian', NULL, NULL, NULL, NULL);
INSERT INTO Artista VALUES ( 80171724, 'Didier Fiúza Faustino', NULL, NULL, NULL, NULL);
INSERT INTO Artista VALUES ( 98279374, 'Rosa Fazenda', NULL, NULL, NULL, NULL);
INSERT INTO Artista VALUES ( 41039852, 'Hans-Peter Feldmann', NULL, NULL, NULL, NULL);
INSERT INTO Artista VALUES ( 30238924, 'João Paulo Feliciano', NULL, NULL, NULL, NULL);
INSERT INTO Artista VALUES ( 75858424, 'Priscila Fernandes', NULL, NULL, NULL, NULL);
INSERT INTO Artista VALUES ( 62635102, 'António Quadros Ferreira', NULL, NULL, NULL, NULL);
INSERT INTO Artista VALUES ( 85870584, 'Ângela Ferreira', NULL, NULL, NULL, NULL);
INSERT INTO Artista VALUES ( 86307640, 'Renato Ferrão', NULL, NULL, NULL, NULL);
INSERT INTO Artista VALUES ( 95314490, 'Manuel Figueira', NULL, NULL, NULL, NULL);
INSERT INTO Artista VALUES ( 98509798, 'Carla Filipe', NULL, NULL, NULL, NULL);
INSERT INTO Artista VALUES ( 25505915, 'Ron M. Fischer', NULL, NULL, NULL, NULL);
INSERT INTO Artista VALUES ( 43585846, 'Urs Fischer', NULL, NULL, NULL, NULL);
INSERT INTO Artista VALUES ( 71531791, 'Fischli & Weiss', NULL, NULL, NULL, NULL);
INSERT INTO Artista VALUES ( 96501459, 'Joel Fisher', NULL, NULL, NULL, NULL);
INSERT INTO Artista VALUES ( 28499544, 'Lívia Flores', NULL, NULL, NULL, NULL);
INSERT INTO Artista VALUES ( 51770856, 'Joan Fontcuberta', NULL, NULL, NULL, NULL);
INSERT INTO Artista VALUES ( 37802811, 'Victor Fortes', NULL, NULL, NULL, NULL);
INSERT INTO Artista VALUES ( 24325941, 'Simone Forti', NULL, NULL, NULL, NULL);
INSERT INTO Artista VALUES ( 93302639, 'Fernanda Fragateiro', NULL, NULL, NULL, NULL);
INSERT INTO Artista VALUES ( 55963449, 'Alicia Framis', NULL, NULL, NULL, NULL);
INSERT INTO Artista VALUES ( 66407964, 'Hermine Freed', NULL, NULL, NULL, NULL);
INSERT INTO Artista VALUES ( 26176898, 'Hamish Fulton', NULL, NULL, NULL, NULL);

/*G*/

INSERT INTO Artista VALUES ( 3461478, 'Gaetan', NULL, NULL, NULL, NULL);
INSERT INTO Artista VALUES ( 91556294, 'Ferran Garcia-Sevilla', NULL, NULL, NULL, NULL);
INSERT INTO Artista VALUES ( 19359300, 'Mario García Torres', NULL, NULL, NULL, NULL);
INSERT INTO Artista VALUES ( 65243965, 'Patrícia Garrido', NULL, NULL, NULL, NULL);
INSERT INTO Artista VALUES ( 53328885, 'Anna Bella Geiger', NULL, NULL, NULL, NULL);
INSERT INTO Artista VALUES ( 41769543, 'Gilbert & George', NULL, NULL, NULL, NULL);
INSERT INTO Artista VALUES ( 65484002, 'Liam Gillick', NULL, NULL, NULL, NULL);
INSERT INTO Artista VALUES ( 59092037, 'David Goldblatt', NULL, NULL, NULL, NULL);
INSERT INTO Artista VALUES ( 38264862, 'André Gomes', NULL, NULL, NULL, NULL);
INSERT INTO Artista VALUES ( 98859596, 'Fernanda Gomes', NULL, NULL, NULL, NULL);
INSERT INTO Artista VALUES ( 47754846, 'Douglas Gordon', NULL, NULL, NULL, NULL);
INSERT INTO Artista VALUES ( 51188373, 'Dan Graham', NULL, NULL, NULL, NULL);
INSERT INTO Artista VALUES ( 95957780, 'Giorgio Griffa', NULL, NULL, NULL, NULL);
INSERT INTO Artista VALUES ( 33050479, 'Katharina Grosse', NULL, NULL, NULL, NULL);
INSERT INTO Artista VALUES ( 35776364, 'Robert Grosvenor', NULL, NULL, NULL, NULL);
INSERT INTO Artista VALUES ( 42413418, 'Grupo Acções Colectivas', NULL, NULL, NULL, NULL);
INSERT INTO Artista VALUES ( 38637773, 'Grupo Homeostético', NULL, NULL, NULL, NULL);
INSERT INTO Artista VALUES ( 88445316, 'Grupo Puzzle', NULL, NULL, NULL, NULL);
INSERT INTO Artista VALUES ( 35446439, 'André Guedes', NULL, NULL, NULL, NULL);
INSERT INTO Artista VALUES ( 49214276, 'José de Guimarães', NULL, NULL, NULL, NULL);
INSERT INTO Artista VALUES ( 45899621, 'Josep Guinovart', NULL, NULL, NULL, NULL);
INSERT INTO Artista VALUES ( 18928172, 'Walter Gutman', NULL, NULL, NULL, NULL);

/*H*/

INSERT INTO Artista VALUES ( 29942405, 'Hans Haacke', NULL, NULL, NULL, NULL);
INSERT INTO Artista VALUES ( 23248926, 'Raymond Hains', NULL, NULL, NULL, NULL);
INSERT INTO Artista VALUES ( 39621175, 'Richard Hamilton', NULL, NULL, NULL, NULL);
INSERT INTO Artista VALUES ( 54959783, 'Ana Hatherly', NULL, NULL, NULL, NULL);
INSERT INTO Artista VALUES ( 33288678, 'Mona Hatoum', NULL, NULL, NULL, NULL);
INSERT INTO Artista VALUES ( 27195627, 'Eberhard Havekost', NULL, NULL, NULL, NULL);
INSERT INTO Artista VALUES ( 24113454, 'Alex Hay', NULL, NULL, NULL, NULL);
INSERT INTO Artista VALUES ( 3711077, 'Pedro Henriques', NULL, NULL, NULL, NULL);
INSERT INTO Artista VALUES ( 92000406, 'Manuel Hernández Mompó', NULL, NULL, NULL, NULL);
INSERT INTO Artista VALUES ( 76957275, 'José Antonio Hernández-Diez', NULL, NULL, NULL, NULL);
INSERT INTO Artista VALUES ( 88636443, 'Georg Herold', NULL, NULL, NULL, NULL);
INSERT INTO Artista VALUES ( 39304760, 'Jene Highstein', NULL, NULL, NULL, NULL);
INSERT INTO Artista VALUES ( 15248806, 'Susan Hiller', NULL, NULL, NULL, NULL);
INSERT INTO Artista VALUES ( 15098779, 'Thomas Hirschhorn', NULL, NULL, NULL, NULL);
INSERT INTO Artista VALUES ( 61306960, 'João Hogan', NULL, NULL, NULL, NULL);
INSERT INTO Artista VALUES ( 18153197, 'Roni Horn', NULL, NULL, NULL, NULL);
INSERT INTO Artista VALUES ( 33174680, 'Marine Hugonnier', NULL, NULL, NULL, NULL);
INSERT INTO Artista VALUES ( 83042522, 'Peter Hutchinson', NULL, NULL, NULL, NULL);
INSERT INTO Artista VALUES ( 2216238, 'Bethan Huws', NULL, NULL, NULL, NULL);
INSERT INTO Artista VALUES ( 55422906, 'Pierre Huyghe', NULL, NULL, NULL, NULL);

/*I*/

INSERT INTO Artista VALUES ( 9802312, 'Mako Idemitsu', NULL, NULL, NULL, NULL);
INSERT INTO Artista VALUES ( 58467221, 'Cristina Iglesias', NULL, NULL, NULL, NULL);
INSERT INTO Artista VALUES ( 12835081, 'Jörg Immendorff', NULL, NULL, NULL, NULL);
INSERT INTO Artista VALUES ( 1290890, 'Runa Islam', NULL, NULL, NULL, NULL);
INSERT INTO Artista VALUES ( 51454348, 'Arata Isozaki', NULL, NULL, NULL, NULL);
INSERT INTO Artista VALUES ( 50104701, 'Sanja Ivekovic', NULL, NULL, NULL, NULL);
INSERT INTO Artista VALUES ( 20924964, 'Ivo', NULL, NULL, NULL, NULL);

/*J*/

INSERT INTO Artista VALUES ( 83465127, 'Ricardo Jacinto', NULL, NULL, NULL, NULL);
INSERT INTO Artista VALUES ( 19263849, 'Neil Jenney', NULL, NULL, NULL, NULL);
INSERT INTO Artista VALUES ( 74558536, 'Joan Jonas', NULL, NULL, NULL, NULL);
INSERT INTO Artista VALUES ( 61285091, 'Ana Jotta', NULL, NULL, NULL, NULL);
INSERT INTO Artista VALUES ( 90732464, 'João Maria Gusmão e Pedro Paiva', NULL, NULL, NULL, NULL);

/*K*/

INSERT INTO Artista VALUES ( 42630542, 'Johannes Kahrs', NULL, NULL, NULL, NULL);
INSERT INTO Artista VALUES ( 60706151, 'Anish Kapoor', NULL, NULL, NULL, NULL);
INSERT INTO Artista VALUES ( 63985220, 'On Kawara', NULL, NULL, NULL, NULL);
INSERT INTO Artista VALUES ( 368085, 'Raoul De Keyser', NULL, NULL, NULL, NULL);
INSERT INTO Artista VALUES ( 54573060, 'Anselm Kiefer', NULL, NULL, NULL, NULL);
INSERT INTO Artista VALUES ( 71629479, 'Christine Sun Kim', NULL, NULL, NULL, NULL);
INSERT INTO Artista VALUES ( 85736750, 'Per Kirkeby', NULL, NULL, NULL, NULL);
INSERT INTO Artista VALUES ( 40472257, 'Harald Klingelhöller', NULL, NULL, NULL, NULL);
INSERT INTO Artista VALUES ( 32145749, 'Imi Knoebel', NULL, NULL, NULL, NULL);
INSERT INTO Artista VALUES ( 12302591, 'Joseph Kosuth', NULL, NULL, NULL, NULL);
INSERT INTO Artista VALUES ( 90238698, 'Jannis Kounellis', NULL, NULL, NULL, NULL);
INSERT INTO Artista VALUES ( 38261587, 'Shigeko Kubota', NULL, NULL, NULL, NULL);
INSERT INTO Artista VALUES ( 8328861, 'Moshe Kupferman', NULL, NULL, NULL, NULL);

/*L*/

INSERT INTO Artista VALUES ( 9804754, 'Salomé Lamas', NULL, NULL, NULL, NULL);
INSERT INTO Artista VALUES ( 509727, 'David Lamelas', NULL, NULL, NULL, NULL);
INSERT INTO Artista VALUES ( 48629300, 'Fernando Lanhas', NULL, NULL, NULL, NULL);
INSERT INTO Artista VALUES ( 9501640, 'Carlos Lança', NULL, NULL, NULL, NULL);
INSERT INTO Artista VALUES ( 72179876, 'Álvaro Lapa', NULL, NULL, NULL, NULL);
INSERT INTO Artista VALUES ( 59733298, 'Francisco Laranjo', NULL, NULL, NULL, NULL);
INSERT INTO Artista VALUES ( 56009920, 'Barry Le Va', NULL, NULL, NULL, NULL);
INSERT INTO Artista VALUES ( 21358503, 'Miguel Leal', NULL, NULL, NULL, NULL);
INSERT INTO Artista VALUES ( 65790069, 'Ruy Leitão', NULL, NULL, NULL, NULL);
INSERT INTO Artista VALUES ( 22991211, 'Richard Long', NULL, NULL, NULL, NULL);
INSERT INTO Artista VALUES ( 76841179, 'Robert Longo', NULL, NULL, NULL, NULL);
INSERT INTO Artista VALUES ( 66977039, 'Adelina Lopes', NULL, NULL, NULL, NULL);
INSERT INTO Artista VALUES ( 35795953, 'Gil Teixeira Lopes', NULL, NULL, NULL, NULL);
INSERT INTO Artista VALUES ( 28797051, 'José Loureiro', NULL, NULL, NULL, NULL);
INSERT INTO Artista VALUES ( 40662890, 'João Louro', NULL, NULL, NULL, NULL);
INSERT INTO Artista VALUES ( 77979408, 'Nate Lowman', NULL, NULL, NULL, NULL);
INSERT INTO Artista VALUES ( 11578377, 'Eduardo Luiz', NULL, NULL, NULL, NULL);
INSERT INTO Artista VALUES ( 15540289, 'Ana Léon', NULL, NULL, NULL, NULL);

/*M*/

INSERT INTO Artista VALUES ( 66524250, 'João Machado', NULL, NULL, NULL, NULL);
INSERT INTO Artista VALUES ( 82302848, 'Tala Madani', NULL, NULL, NULL, NULL);
INSERT INTO Artista VALUES ( 89935643, 'Rita Magalhães', NULL, NULL, NULL, NULL);
INSERT INTO Artista VALUES ( 97774300, 'Pedro Maia', NULL, NULL, NULL, NULL);
INSERT INTO Artista VALUES ( 8721578, 'Aristide Maillol', NULL, NULL, NULL, NULL);
INSERT INTO Artista VALUES ( 25661238, 'Malangatana', NULL, NULL, NULL, NULL);
INSERT INTO Artista VALUES ( 39761998, 'Dimitrije Basicevic Mangelos', NULL, NULL, NULL, NULL);
INSERT INTO Artista VALUES ( 10623553, 'Ana Manso', NULL, NULL, NULL, NULL);
INSERT INTO Artista VALUES ( 43047976, 'Mariana Caló e Francisco Queimadela', NULL, NULL, NULL, NULL);
INSERT INTO Artista VALUES ( 84653323, 'Jorge Martins', NULL, NULL, NULL, NULL);
INSERT INTO Artista VALUES ( 30893253, 'Marwan', NULL, NULL, NULL, NULL);
INSERT INTO Artista VALUES ( 58479428, 'Cristina Mateus', NULL, NULL, NULL, NULL);
INSERT INTO Artista VALUES ( 4999015, 'Gordon Matta-Clark', NULL, NULL, NULL, NULL);
INSERT INTO Artista VALUES ( 45064698, 'Nick Mauss', NULL, NULL, NULL, NULL);
INSERT INTO Artista VALUES ( 32258333, 'Rita McBride', NULL, NULL, NULL, NULL);
INSERT INTO Artista VALUES ( 90988037, 'Anthony McCall', NULL, NULL, NULL, NULL);
INSERT INTO Artista VALUES ( 18810326, 'Paul McCarthy', NULL, NULL, NULL, NULL);
INSERT INTO Artista VALUES ( 35162121, 'Lucy McKenzie', NULL, NULL, NULL, NULL);
INSERT INTO Artista VALUES ( 85640152, 'Bruce McLean', NULL, NULL, NULL, NULL);
INSERT INTO Artista VALUES ( 97128659, 'Steve McQueen', NULL, NULL, NULL, NULL);
INSERT INTO Artista VALUES ( 67649955, 'Julie Mehretu', NULL, NULL, NULL, NULL);
INSERT INTO Artista VALUES ( 46866585, 'Cildo Meireles', NULL, NULL, NULL, NULL);
INSERT INTO Artista VALUES ( 79129219, 'Abel Mendes', NULL, NULL, NULL, NULL);
INSERT INTO Artista VALUES ( 19597465, 'Albuquerque Mendes', NULL, NULL, NULL, NULL);
INSERT INTO Artista VALUES ( 14295647, 'Paulo Mendes', NULL, NULL, NULL, NULL);
INSERT INTO Artista VALUES ( 1990247, 'Ana Mendieta', NULL, NULL, NULL, NULL);
INSERT INTO Artista VALUES ( 55403240, 'Fátima Mendonça', NULL, NULL, NULL, NULL);
INSERT INTO Artista VALUES ( 66625227, 'Clara Menéres', NULL, NULL, NULL, NULL);
INSERT INTO Artista VALUES ( 54442664, 'Gerhard Merz', NULL, NULL, NULL, NULL);
INSERT INTO Artista VALUES ( 91937765, 'Mario Merz', NULL, NULL, NULL, NULL);
INSERT INTO Artista VALUES ( 26688565, 'Carlos Mesquita', NULL, NULL, NULL, NULL);
INSERT INTO Artista VALUES ( 42391786, 'MICA-TV', NULL, NULL, NULL, NULL);
INSERT INTO Artista VALUES ( 69560177, 'Joan Miró', NULL, NULL, NULL, NULL);
INSERT INTO Artista VALUES ( 43996354, 'Susan Mogul', NULL, NULL, NULL, NULL);
INSERT INTO Artista VALUES ( 90341307, 'Jorge Molder', NULL, NULL, NULL, NULL);
INSERT INTO Artista VALUES ( 94808785, 'João Moniz', NULL, NULL, NULL, NULL);
INSERT INTO Artista VALUES ( 12760045, 'Graça Morais', NULL, NULL, NULL, NULL);
INSERT INTO Artista VALUES ( 13391672, 'Pedro Morais', NULL, NULL, NULL, NULL);
INSERT INTO Artista VALUES ( 88677869, 'Robert Morris', NULL, NULL, NULL, NULL);
INSERT INTO Artista VALUES ( 19241558, 'Ree Morton', NULL, NULL, NULL, NULL);
INSERT INTO Artista VALUES ( 83939063, 'Charlotte Moth', NULL, NULL, NULL, NULL);
INSERT INTO Artista VALUES ( 69311575, 'Carlos Motta', NULL, NULL, NULL, NULL);
INSERT INTO Artista VALUES ( 67982265, 'Leonel Moura', NULL, NULL, NULL, NULL);
INSERT INTO Artista VALUES ( 89133572, 'Matt Mullican', NULL, NULL, NULL, NULL);
INSERT INTO Artista VALUES ( 87777789, 'Antoni Muntadas', NULL, NULL, NULL, NULL);
INSERT INTO Artista VALUES ( 89604614, 'John Murphy', NULL, NULL, NULL, NULL);
INSERT INTO Artista VALUES ( 47365254, 'Musa Paradisiaca', NULL, NULL, NULL, NULL);
INSERT INTO Artista VALUES ( 78377524, 'Juan Muñoz', NULL, NULL, NULL, NULL);
INSERT INTO Artista VALUES ( 51594307, 'Lucio Muñoz', NULL, NULL, NULL, NULL);
INSERT INTO Artista VALUES ( 25551963, 'Lais Myrrha', NULL, NULL, NULL, NULL);

/*N*/

INSERT INTO Artista VALUES ( 59034816, 'Emília Nadal', NULL, NULL, NULL, NULL);
INSERT INTO Artista VALUES ( 35788936, 'Bruce Nauman', NULL, NULL, NULL, NULL);
INSERT INTO Artista VALUES ( 66895394, 'Eduardo Nery', NULL, NULL, NULL, NULL);
INSERT INTO Artista VALUES ( 80645158, 'Paulo Neves', NULL, NULL, NULL, NULL);
INSERT INTO Artista VALUES ( 81594129, 'Carlos Nogueira', NULL, NULL, NULL, NULL);
INSERT INTO Artista VALUES ( 42042260, 'Lucia Nogueira', NULL, NULL, NULL, NULL);
INSERT INTO Artista VALUES ( 14402218, 'Rolando Sá Nogueira', NULL, NULL, NULL, NULL);
INSERT INTO Artista VALUES ( 90374310, 'Maria Nordman', NULL, NULL, NULL, NULL);
INSERT INTO Artista VALUES ( 76740908, 'Paulo Nozolino', NULL, NULL, NULL, NULL);

/*O*/

INSERT INTO Artista VALUES ( 91047391, 'António Olaio', NULL, NULL, NULL, NULL);
INSERT INTO Artista VALUES ( 99652431, 'Claes Oldenburg', NULL, NULL, NULL, NULL);
INSERT INTO Artista VALUES ( 38338356, 'Manoel de Oliveira', NULL, NULL, NULL, NULL);
INSERT INTO Artista VALUES ( 3443665, 'Paulina Olowska', NULL, NULL, NULL, NULL);
INSERT INTO Artista VALUES ( 66607627, 'Dennis Oppenheim', NULL, NULL, NULL, NULL);
INSERT INTO Artista VALUES ( 2428622, 'Damián Ortega', NULL, NULL, NULL, NULL);
INSERT INTO Artista VALUES ( 54027845, 'Silke Otto-Knapp', NULL, NULL, NULL, NULL);
INSERT INTO Artista VALUES ( 41029320, 'Yazid Oulab', NULL, NULL, NULL, NULL);
INSERT INTO Artista VALUES ( 74247316, 'Tony Oursler', NULL, NULL, NULL, NULL);

/*P*/

INSERT INTO Artista VALUES ( 26630170, 'Bruno Pacheco', NULL, NULL, NULL, NULL);
INSERT INTO Artista VALUES ( 78570559, 'Isabel Padrão', NULL, NULL, NULL, NULL);
INSERT INTO Artista VALUES ( 20117267, 'Nam June Paik', NULL, NULL, NULL, NULL);
INSERT INTO Artista VALUES ( 56225865, 'Blinky Palermo', NULL, NULL, NULL, NULL);
INSERT INTO Artista VALUES ( 63209995, 'Charlemagne Palestine', NULL, NULL, NULL, NULL);
INSERT INTO Artista VALUES ( 59839952, 'Luís Palma', NULL, NULL, NULL, NULL);
INSERT INTO Artista VALUES ( 50930067, 'Miguel Palma', NULL, NULL, NULL, NULL);
INSERT INTO Artista VALUES ( 57645577, 'António Palolo', NULL, NULL, NULL, NULL);
INSERT INTO Artista VALUES ( 40212529, 'Lygia Pape', NULL, NULL, NULL, NULL);
INSERT INTO Artista VALUES ( 58191983, 'Guilherme Parente', NULL, NULL, NULL, NULL);
INSERT INTO Artista VALUES ( 17969845, 'Philippe Parreno', NULL, NULL, NULL, NULL);
INSERT INTO Artista VALUES ( 77420252, 'Armanda Passos', NULL, NULL, NULL, NULL);
INSERT INTO Artista VALUES ( 48686356, 'Isabel Pavão', NULL, NULL, NULL, NULL);
INSERT INTO Artista VALUES ( 20421452, 'António Pedro', NULL, NULL, NULL, NULL);
INSERT INTO Artista VALUES ( 52750895, 'João Penalva', NULL, NULL, NULL, NULL);
INSERT INTO Artista VALUES ( 53029241, 'A. R. Penck', NULL, NULL, NULL, NULL);
INSERT INTO Artista VALUES ( 23203196, 'Albano da Silva Pereira', NULL, NULL, NULL, NULL);
INSERT INTO Artista VALUES ( 55074694, 'Fernando José Pereira', NULL, NULL, NULL, NULL);
INSERT INTO Artista VALUES ( 60448660, 'Perejaume', NULL, NULL, NULL, NULL);
INSERT INTO Artista VALUES ( 75769494, 'Silvestre Pestana', NULL, NULL, NULL, NULL);
INSERT INTO Artista VALUES ( 61818680, 'Amalia Pica', NULL, NULL, NULL, NULL);
INSERT INTO Artista VALUES ( 10846105, 'Rui Pimentel', NULL, NULL, NULL, NULL);
INSERT INTO Artista VALUES ( 25701794, 'Diogo Pimentão', NULL, NULL, NULL, NULL);
INSERT INTO Artista VALUES ( 97750337, 'António Costa Pinheiro', NULL, NULL, NULL, NULL);
INSERT INTO Artista VALUES ( 54230620, 'Jorge Pinheiro', NULL, NULL, NULL, NULL);
INSERT INTO Artista VALUES ( 7171182, 'Domingos Pinho', NULL, NULL, NULL, NULL);
INSERT INTO Artista VALUES ( 28863332, 'António Cerveira Pinto', NULL, NULL, NULL, NULL);
INSERT INTO Artista VALUES ( 69640480, 'Adrian Piper', NULL, NULL, NULL, NULL);
INSERT INTO Artista VALUES ( 54176371, 'Michelangelo Pistoletto', NULL, NULL, NULL, NULL);
INSERT INTO Artista VALUES ( 93265293, 'Sigmar Polke', NULL, NULL, NULL, NULL);
INSERT INTO Artista VALUES ( 89111441, 'Júlio Pomar', NULL, NULL, NULL, NULL);
INSERT INTO Artista VALUES ( 6333650, 'Vítor Pomar', NULL, NULL, NULL, NULL);
INSERT INTO Artista VALUES ( 80974271, 'Pedro Portugal', NULL, NULL, NULL, NULL);
INSERT INTO Artista VALUES ( 46387954, 'Charlotte Posenenske', NULL, NULL, NULL, NULL);
INSERT INTO Artista VALUES ( 91180328, 'Pedro Proença', NULL, NULL, NULL, NULL);

/*Q*/

INSERT INTO Artista VALUES ( 81468728, 'Jorge Queiroz', NULL, NULL, NULL, NULL);
INSERT INTO Artista VALUES ( 11491622, 'João Queiroz', NULL, NULL, NULL, NULL);
INSERT INTO Artista VALUES ( 88182916, 'Francisco Queirós', NULL, NULL, NULL, NULL);

/*R*/

INSERT INTO Artista VALUES ( 15717623, 'Walid Raad', NULL, NULL, NULL, NULL);
INSERT INTO Artista VALUES ( 99444499, 'Yvonne Rainer', NULL, NULL, NULL, NULL);
INSERT INTO Artista VALUES ( 353155, 'Nuno Ramalho', NULL, NULL, NULL, NULL);
INSERT INTO Artista VALUES ( 67901782, 'Martial Raysse', NULL, NULL, NULL, NULL);
INSERT INTO Artista VALUES ( 19772227, 'Paula Rego', NULL, NULL, NULL, NULL);
INSERT INTO Artista VALUES ( 20664175, 'Tobias Rehberger', NULL, NULL, NULL, NULL);
INSERT INTO Artista VALUES ( 81975744, 'Júlio Resende', NULL, NULL, NULL, NULL);
INSERT INTO Artista VALUES ( 66686991, 'Sebastião Resende', NULL, NULL, NULL, NULL);
INSERT INTO Artista VALUES ( 38758720, 'Marina Rheingantz', NULL, NULL, NULL, NULL);
INSERT INTO Artista VALUES ( 38799568, 'Alfredo Queiroz Ribeiro', NULL, NULL, NULL, NULL);
INSERT INTO Artista VALUES ( 50521916, 'Fernando J. Ribeiro', NULL, NULL, NULL, NULL);
INSERT INTO Artista VALUES ( 94006503, 'Gerhard Richter', NULL, NULL, NULL, NULL);
INSERT INTO Artista VALUES ( 18468205, 'Rigo 23', NULL, NULL, NULL, NULL);
INSERT INTO Artista VALUES ( 81166268, 'Pipilotti Rist', NULL, NULL, NULL, NULL);
INSERT INTO Artista VALUES ( 63064006, 'Gert Robijns', NULL, NULL, NULL, NULL);
INSERT INTO Artista VALUES ( 92503088, 'Arlindo Rocha', NULL, NULL, NULL, NULL);
INSERT INTO Artista VALUES ( 88208874, 'Miguel Ângelo Rocha', NULL, NULL, NULL, NULL);
INSERT INTO Artista VALUES ( 45906906, 'Pedro Rocha', NULL, NULL, NULL, NULL);
INSERT INTO Artista VALUES ( 25198445, 'Joaquim Rodrigo', NULL, NULL, NULL, NULL);
INSERT INTO Artista VALUES ( 44629636, 'José Rodrigues', NULL, NULL, NULL, NULL);
INSERT INTO Artista VALUES ( 36954956, 'José Manuel Rodrigues', NULL, NULL, NULL, NULL);
INSERT INTO Artista VALUES ( 55407245, 'Artur Rosa', NULL, NULL, NULL, NULL);
INSERT INTO Artista VALUES ( 82868707, 'Joana Rosa', NULL, NULL, NULL, NULL);
INSERT INTO Artista VALUES ( 28973592, 'Manuel Rosa', NULL, NULL, NULL, NULL);
INSERT INTO Artista VALUES ( 6239099, 'António Campos Rosado', NULL, NULL, NULL, NULL);
INSERT INTO Artista VALUES ( 39633478, 'Pedro Campos Rosado', NULL, NULL, NULL, NULL);
INSERT INTO Artista VALUES ( 10315495, 'Ulrike Rosenbach', NULL, NULL, NULL, NULL);
INSERT INTO Artista VALUES ( 72748527, 'Ruth Rosengarten', NULL, NULL, NULL, NULL);
INSERT INTO Artista VALUES ( 34331571, 'Martha Rosler', NULL, NULL, NULL, NULL);
INSERT INTO Artista VALUES ( 80943705, 'Dieter Roth', NULL, NULL, NULL, NULL);
INSERT INTO Artista VALUES ( 40519994, 'Gonçalo Ruivo', NULL, NULL, NULL, NULL);
INSERT INTO Artista VALUES ( 28479450, 'Ed Ruscha', NULL, NULL, NULL, NULL);
INSERT INTO Artista VALUES ( 53410084, 'Reiner Ruthenbeck', NULL, NULL, NULL, NULL);
INSERT INTO Artista VALUES ( 12309454, 'Marjolaine Ryley', NULL, NULL, NULL, NULL);

/*S*/

INSERT INTO Artista VALUES ( 79018775, 'Túlia Saldanha', NULL, NULL, NULL, NULL);
INSERT INTO Artista VALUES ( 48273607, 'Sam Samore', NULL, NULL, NULL, NULL);
INSERT INTO Artista VALUES ( 12852508, 'Rui Sanches', NULL, NULL, NULL, NULL);
INSERT INTO Artista VALUES ( 33672357, 'Pedro Cabral Santo', NULL, NULL, NULL, NULL);
INSERT INTO Artista VALUES ( 256853, 'Ana Santos', NULL, NULL, NULL, NULL);
INSERT INTO Artista VALUES ( 6039873, 'Bartolomeu Cid dos Santos', NULL, NULL, NULL, NULL);
INSERT INTO Artista VALUES ( 82300017, 'Jorge Santos', NULL, NULL, NULL, NULL);
INSERT INTO Artista VALUES ( 36152643, 'Julião Sarmento', NULL, NULL, NULL, NULL);
INSERT INTO Artista VALUES ( 90972011, 'Wilhelm Sasnal', NULL, NULL, NULL, NULL);
INSERT INTO Artista VALUES ( 46571895, 'António Saura', NULL, NULL, NULL, NULL);
INSERT INTO Artista VALUES ( 60292232, 'Juan Carlos Savater', NULL, NULL, NULL, NULL);
INSERT INTO Artista VALUES ( 61951654, 'Adrian Schiess', NULL, NULL, NULL, NULL);
INSERT INTO Artista VALUES ( 65896900, 'Carolee Schneemann', NULL, NULL, NULL, NULL);
INSERT INTO Artista VALUES ( 42034821, 'Gregor Schneider', NULL, NULL, NULL, NULL);
INSERT INTO Artista VALUES ( 67224805, 'Gerry Schum', NULL, NULL, NULL, NULL);
INSERT INTO Artista VALUES ( 58999101, 'Thomas Schütte', NULL, NULL, NULL, NULL);
INSERT INTO Artista VALUES ( 23640227, 'Tino Sehgal', NULL, NULL, NULL, NULL);
INSERT INTO Artista VALUES ( 31427001, 'António Sena', NULL, NULL, NULL, NULL);
INSERT INTO Artista VALUES ( 8826893, 'Richard Serra', NULL, NULL, NULL, NULL);
INSERT INTO Artista VALUES ( 28207565, 'Rui Serra', NULL, NULL, NULL, NULL);
INSERT INTO Artista VALUES ( 30257822, 'Joel Shapiro', NULL, NULL, NULL, NULL);
INSERT INTO Artista VALUES ( 89999722, 'Cindy Sherman', NULL, NULL, NULL, NULL);
INSERT INTO Artista VALUES ( 67148804, 'José Maria Sicília', NULL, NULL, NULL, NULL);
INSERT INTO Artista VALUES ( 70346104, 'Augusto Alves da Silva', NULL, NULL, NULL, NULL);
INSERT INTO Artista VALUES ( 90062081, 'Filipe Rocha da Silva', NULL, NULL, NULL, NULL);
INSERT INTO Artista VALUES ( 68676459, 'Henrique Silva', NULL, NULL, NULL, NULL);
INSERT INTO Artista VALUES ( 569406, 'Jaime Silva', NULL, NULL, NULL, NULL);
INSERT INTO Artista VALUES ( 66707194, 'Mariana Silva', NULL, NULL, NULL, NULL);
INSERT INTO Artista VALUES ( 90844944, 'Susana Mendes Silva', NULL, NULL, NULL, NULL);
INSERT INTO Artista VALUES ( 92207284, 'João dos Santos Simões', NULL, NULL, NULL, NULL);
INSERT INTO Artista VALUES ( 76154408, 'Nuno de Siqueira', NULL, NULL, NULL, NULL);
INSERT INTO Artista VALUES ( 83456897, 'Álvaro Siza Vieira', NULL, NULL, NULL, NULL);
INSERT INTO Artista VALUES ( 95196579, 'Nikias Skapinakis', NULL, NULL, NULL, NULL);
INSERT INTO Artista VALUES ( 66799861, 'Neal Slavin', NULL, NULL, NULL, NULL);
INSERT INTO Artista VALUES ( 24935774, 'Josh Smith', NULL, NULL, NULL, NULL);
INSERT INTO Artista VALUES ( 84910765, 'Robert Smithson', NULL, NULL, NULL, NULL);
INSERT INTO Artista VALUES ( 90518283, 'Miguel Soares', NULL, NULL, NULL, NULL);
INSERT INTO Artista VALUES ( 57311602, 'Paula Soares', NULL, NULL, NULL, NULL);
INSERT INTO Artista VALUES ( 99978489, 'Nedko Solakov', NULL, NULL, NULL, NULL);
INSERT INTO Artista VALUES ( 45972050, 'Susana Solano', NULL, NULL, NULL, NULL);
INSERT INTO Artista VALUES ( 33539579, 'Keith Sonnier', NULL, NULL, NULL, NULL);
INSERT INTO Artista VALUES ( 12191024, 'Monika Sosnowska', NULL, NULL, NULL, NULL);
INSERT INTO Artista VALUES ( 35800481, 'André Sousa', NULL, NULL, NULL, NULL);
INSERT INTO Artista VALUES ( 77839929, 'António de Sousa', NULL, NULL, NULL, NULL);
INSERT INTO Artista VALUES ( 61520373, 'Ernesto de Sousa', NULL, NULL, NULL, NULL);
INSERT INTO Artista VALUES ( 38551130, 'Ângelo de Sousa', NULL, NULL, NULL, NULL);
INSERT INTO Artista VALUES ( 81051530, 'Simon Starling', NULL, NULL, NULL, NULL);
INSERT INTO Artista VALUES ( 35555243, 'Haim Steinbach', NULL, NULL, NULL, NULL);
INSERT INTO Artista VALUES ( 31478819, 'Veit Stratmann', NULL, NULL, NULL, NULL);
INSERT INTO Artista VALUES ( 3817629, 'Martine Syms', NULL, NULL, NULL, NULL);
INSERT INTO Artista VALUES ( 12688523, 'Avelino Sá', NULL, NULL, NULL, NULL);

/*T*/

INSERT INTO Artista VALUES ( 97546885, 'João Tabarra', NULL, NULL, NULL, NULL);
INSERT INTO Artista VALUES ( 69879560, 'Salette Tavares', NULL, NULL, NULL, NULL);
INSERT INTO Artista VALUES ( 55095431, 'Paul Thek', NULL, NULL, NULL, NULL);
INSERT INTO Artista VALUES ( 83384465, 'Susanne S.D. Themlitz', NULL, NULL, NULL, NULL);
INSERT INTO Artista VALUES ( 37238097, 'Guy Tillim', NULL, NULL, NULL, NULL);
INSERT INTO Artista VALUES ( 11625058, 'Wolfgang Tillmans', NULL, NULL, NULL, NULL);
INSERT INTO Artista VALUES ( 51443550, 'Grazia Toderi', NULL, NULL, NULL, NULL);
INSERT INTO Artista VALUES ( 32546291, 'Francesc Torres', NULL, NULL, NULL, NULL);
INSERT INTO Artista VALUES ( 19872282, 'Rui Toscano', NULL, NULL, NULL, NULL);
INSERT INTO Artista VALUES ( 5352753, 'David Tremlett', NULL, NULL, NULL, NULL);
INSERT INTO Artista VALUES ( 38352380, 'Francisco Tropa', NULL, NULL, NULL, NULL);
INSERT INTO Artista VALUES ( 3659670, 'Pedro Tudela', NULL, NULL, NULL, NULL);
INSERT INTO Artista VALUES ( 15132406, 'Richard Tuttle', NULL, NULL, NULL, NULL);
INSERT INTO Artista VALUES ( 94376037, 'Luc Tuymans', NULL, NULL, NULL, NULL);
INSERT INTO Artista VALUES ( 81490052, 'Antoni Tàpies', NULL, NULL, NULL, NULL);

/*U*/

INSERT INTO Artista VALUES ( 30084078, 'Juan Uslé', NULL, NULL, NULL, NULL);

/*V*/

INSERT INTO Artista VALUES ( 18855985, '!VON CALHAU!', NULL, NULL, NULL, NULL);
INSERT INTO Artista VALUES ( 40548158, 'João Pedro Vale', NULL, NULL, NULL, NULL);
INSERT INTO Artista VALUES ( 4745320, 'Gabriela Vaz', NULL, NULL, NULL, NULL);
INSERT INTO Artista VALUES ( 73075125, 'Júlia Ventura', NULL, NULL, NULL, NULL);
INSERT INTO Artista VALUES ( 78920632, 'Ruben Verdadeiro', NULL, NULL, NULL, NULL);
INSERT INTO Artista VALUES ( 58717571, 'Francesco Vezzoli', NULL, NULL, NULL, NULL);
INSERT INTO Artista VALUES ( 5557910, 'Carlos Vidal', NULL, NULL, NULL, NULL);
INSERT INTO Artista VALUES ( 55637587, 'Ana Vidigal', NULL, NULL, NULL, NULL);
INSERT INTO Artista VALUES ( 95663195, 'Ana Vieira', NULL, NULL, NULL, NULL);
INSERT INTO Artista VALUES ( 84421010, 'Joaquim Pinto Vieira', NULL, NULL, NULL, NULL);
INSERT INTO Artista VALUES ( 8011510, 'João Vieira', NULL, NULL, NULL, NULL);
INSERT INTO Artista VALUES ( 87038982, 'Manuel João Vieira', NULL, NULL, NULL, NULL);
INSERT INTO Artista VALUES ( 67761259, 'Pedro Sousa Vieira', NULL, NULL, NULL, NULL);
INSERT INTO Artista VALUES ( 46310842, 'Pires Vieira', NULL, NULL, NULL, NULL);
INSERT INTO Artista VALUES ( 19627534, 'Tris Vonna-Michell', NULL, NULL, NULL, NULL);
INSERT INTO Artista VALUES ( 33574951, 'Wolf Vostell', NULL, NULL, NULL, NULL);
INSERT INTO Artista VALUES ( 43359113, 'Danh Võ', NULL, NULL, NULL, NULL);

/*W*/

INSERT INTO Artista VALUES ( 87076126, 'Franz Erhard Walther', NULL, NULL, NULL, NULL);
INSERT INTO Artista VALUES ( 73519921, 'Andy Warhol', NULL, NULL, NULL, NULL);
INSERT INTO Artista VALUES ( 96798391, 'Marijke van Warmerdam', NULL, NULL, NULL, NULL);
INSERT INTO Artista VALUES ( 93022306, 'William Wegman', NULL, NULL, NULL, NULL);
INSERT INTO Artista VALUES ( 46057789, 'Lawrence Weiner', NULL, NULL, NULL, NULL);
INSERT INTO Artista VALUES ( 80772296, 'Franz West', NULL, NULL, NULL, NULL);
INSERT INTO Artista VALUES ( 22565943, 'Hannah Wilke', NULL, NULL, NULL, NULL);
INSERT INTO Artista VALUES ( 92842186, 'Christopher Williams', NULL, NULL, NULL, NULL);
INSERT INTO Artista VALUES ( 17437922, 'Christopher Wool', NULL, NULL, NULL, NULL);

/*X*/

INSERT INTO Artista VALUES ( 73693090, 'Xana', NULL, NULL, NULL, NULL);

/*Y*/

INSERT INTO Artista VALUES ( 19665856, 'Haegue Yang', NULL, NULL, NULL, NULL);
INSERT INTO Artista VALUES ( 89115648, 'Lynette Yiadom-Boakye', NULL, NULL, NULL, NULL);
INSERT INTO Artista VALUES ( 27114779, 'Amy Yoes', NULL, NULL, NULL, NULL);
INSERT INTO Artista VALUES ( 16490597, 'Yonamine', NULL, NULL, NULL, NULL);

/*Z*/

INSERT INTO Artista VALUES ( 53015946, 'Akram Zaatari', NULL, NULL, NULL, NULL);
INSERT INTO Artista VALUES ( 90864911, 'Sarkis Zabunyan', NULL, NULL, NULL, NULL);
INSERT INTO Artista VALUES ( 65863010, 'Gilberto Zorio', NULL, NULL, NULL, NULL);

/*Pinturas*/

INSERT INTO Obra VALUES (2294147, 'Pintura - série "marcas"', 1976, 'Col. Museu Nacional de Soares dos Reis, em depósito na Fundação de Serralves - Museu de Arte Contemporânea, Porto. Depósito em 1990', 1);
INSERT INTO Pintura VALUES (2294147, 'Óleo sobre tela', 140, 190, "Não colocar perto de fonte de luz");
INSERT INTO ObraArtista(IDObra, IDArtista) VALUES (2294147, 34345113);

INSERT INTO Obra VALUES (99940740, 'Dobble', 1985, 'Col. privada, em depósito na Fundação de Serralves - Museu de Arte Contemporânea, Porto. Depósito em 2002', 1);
INSERT INTO Pintura VALUES (99940740, 'Tinta acrílica sobre tela', 141, 181, NULL);
INSERT INTO ObraArtista(IDObra, IDArtista) VALUES (99940740, 34345113);

INSERT INTO Obra VALUES (41658885, 'Dobble 2 (Oito cansado)', 1986, 'Col. Fundação de Serralves - Museu de Arte Contemporânea, Porto. Prémio Galeria Nasoni / Amadeo de Souza-Cardoso em 1987, 1989', 1);
INSERT INTO Pintura VALUES (41658885, 'Esmalte acrílico sobre tela', 140, 179, "Não colocar perto de fonte de luz");
INSERT INTO ObraArtista(IDObra, IDArtista) VALUES (41658885, 34345113);

INSERT INTO Obra VALUES (76785580, 'Dobble', 1985, 'Col. Secretaria de Estado da Cultura, em depósito na Fundação de Serralves - Museu de Arte Contemporânea, Porto. Depósito em 1990', 1);
INSERT INTO Pintura VALUES (76785580, 'Esmalte acrílico sobre tela', 140, 180, NULL);
INSERT INTO ObraArtista(IDObra, IDArtista) VALUES (76785580, 34345113);

INSERT INTO Obra VALUES (30733321, 'Sem título', 1972, 'Col. Fundação de Serralves - Museu de Arte Contemporânea, Porto. Aquisição em 2004', 1);
INSERT INTO Pintura VALUES (30733321, 'Metal, cola e tinta de esmalte sobre aglomerado', 84, 60, NULL);
INSERT INTO ObraArtista(IDObra, IDArtista) VALUES (30733321, 70743591);

INSERT INTO Obra VALUES (56835104, 'Sem título', 1983, 'Col. Secretaria de Estado da Cultura, em depósito na Fundação de Serralves - Museu de Arte Contemporânea, Porto. Depósito em 1990', 1);
INSERT INTO Pintura VALUES (56835104, 'Tinta acrílica sobre cartão canelado', 130, 175, NULL);
INSERT INTO ObraArtista(IDObra, IDArtista) VALUES (56835104, 70743591);

INSERT INTO Obra VALUES (26380438, 'Dans les Meilleurs Termes', 1980, 'Col. privada, em depósito na Fundação de Serralves - Museu de Arte Contemporânea, Porto. Depósito em 2002', 1);
INSERT INTO Pintura VALUES (26380438, 'Tinta acrílica sobre papel montado sobre tela', 91, 89, NULL);
INSERT INTO ObraArtista(IDObra, IDArtista) VALUES (26380438, 94768632);

INSERT INTO Obra VALUES (12158641, 'Sem título', 1968, 'Col. Fundação de Serralves - Museu de Arte Contemporânea, Porto. Aquisição em 1999', 1);
INSERT INTO Pintura VALUES (12158641, 'Tinta acrílica sobre tela e madeira', 130, 97, "Não colocar perto de fonte de luz");
INSERT INTO ObraArtista(IDObra, IDArtista) VALUES (12158641, 68944668);

INSERT INTO Obra VALUES (83566767, 'Sem título', 1968, 'Col. Fundação de Serralves - Museu de Arte Contemporânea, Porto. Aquisição em 1999', 1);
INSERT INTO Pintura VALUES (83566767, 'Tinta acrílica sobre tela e madeira, roldanas', 130, 97, NULL);
INSERT INTO ObraArtista(IDObra, IDArtista) VALUES (83566767, 68944668);

INSERT INTO Obra VALUES (33178158, 'Sem título', 1968, 'Col. Fundação de Serralves - Museu de Arte Contemporânea, Porto. Aquisição em 1999', 1);
INSERT INTO Pintura VALUES (33178158, 'Tinta acrílica sobre tule', 130, 97, NULL);
INSERT INTO ObraArtista(IDObra, IDArtista) VALUES (33178158, 68944668);

INSERT INTO Obra VALUES (3264517, 'Sem título', 1968, 'Col. Fundação de Serralves - Museu de Arte Contemporânea, Porto. Aquisição em 1999', 1);
INSERT INTO Pintura VALUES (3264517, 'Tinta acrílica sobre tela, volumes em tela pintada a tinta acrílica dentro de bolsa de PVC', 215, 97, NULL);
INSERT INTO ObraArtista(IDObra, IDArtista) VALUES (3264517, 68944668);

INSERT INTO Obra VALUES (88948544, 'Sem título', 1969, 'Col. Fundação de Serralves - Museu de Arte Contemporânea, Porto. Aquisição em 1999', 1);
INSERT INTO Pintura VALUES (88948544, 'Tinta acrílica sobre tela e madeira', 131, 99, NULL);
INSERT INTO ObraArtista(IDObra, IDArtista) VALUES (88948544, 68944668);

INSERT INTO Obra VALUES (7421731, 'Red Signal', 2013, 'Col. Fundação de Serralves - Museu de Arte Contemporânea, Porto. Aquisição em 2014', 1);
INSERT INTO Pintura VALUES (7421731, 'Óleo sobre contraplacado marítimo e LEDs', 152, 228, "Não deixar ao sol");
INSERT INTO ObraArtista(IDObra, IDArtista) VALUES (7421731, 12260380);

INSERT INTO Obra VALUES (54457705, 'O Mapa do Argonauta', 1992, 'Col. privada, em depósito na Fundação de Serralves - Museu de Arte Contemporânea, Porto. Depósito em 1994', 1);
INSERT INTO Pintura VALUES (54457705, 'Técnica mista sobre tela', 151, 252, NULL);
INSERT INTO ObraArtista(IDObra, IDArtista) VALUES (54457705, 92342128);

INSERT INTO Obra VALUES (74358167, 'Tela dobrada', 1973, 'Col. Fundação de Serralves - Museu de Arte Contemporânea, Porto. Aquisição em 2010', 1);
INSERT INTO Pintura VALUES (74358167, 'Tinta acrílica sobre tela', 70, 50, NULL);
INSERT INTO ObraArtista(IDObra, IDArtista) VALUES (74358167, 27839978);

INSERT INTO Obra VALUES (75361167, 'Terra molhada', 1987, 'Col. privada, em depósito na Fundação de Serralves - Museu de Arte Contemporânea, Porto. Depósito em 1992', 1);
INSERT INTO Pintura VALUES (75361167, 'Tinta acrílica sobre tela', 80, 60, NULL);
INSERT INTO ObraArtista(IDObra, IDArtista) VALUES (75361167, 27839978);

INSERT INTO Obra VALUES (85176785, 'L.de Vinci & Dario Alves Ltd.', 1977, 'Col. Museu Nacional de Soares dos Reis, em depósito na Fundação de Serralves - Museu de Arte Contemporânea, Porto. Depósito em 1990', 1);
INSERT INTO Pintura VALUES (85176785, 'Tinta acrílica e óleo sobre tela', 65, 50, NULL);
INSERT INTO ObraArtista(IDObra, IDArtista) VALUES (85176785, 40569231);

INSERT INTO Obra VALUES (10123300, 'Fermetures', 1965, 'Col. Fundação de Serralves - Museu de Arte Contemporânea, Porto. Aquisição em 2009', 1);
INSERT INTO Pintura VALUES (10123300, 'Tinta acrílica sobre tela, fecho éclair', 116, 81, "Sensível ao calor");
INSERT INTO ObraArtista(IDObra, IDArtista) VALUES (10123300, 31422763);

INSERT INTO Obra VALUES (46900722, 'Attestation', 1966, 'Col. Fundação de Serralves - Museu de Arte Contemporânea, Porto. Aquisição em 2009', 1);
INSERT INTO Pintura VALUES (46900722, 'Tinta acrílica sobre tela, metal', 116, 81, NULL);
INSERT INTO ObraArtista(IDObra, IDArtista) VALUES (46900722, 31422763);

INSERT INTO Obra VALUES (37348142, 'Dialogue', 1967, 'Col. Alvess, em depósito na Fundação de Serralves - Museu de Arte Contemporânea, Porto. Depósito em 2009', 1);
INSERT INTO Pintura VALUES (37348142, 'Tinta acrílica sobre tela, metal', 116, 81, NULL);
INSERT INTO ObraArtista(IDObra, IDArtista) VALUES (37348142, 31422763);

INSERT INTO Obra VALUES (68376285, 'Quadruple Oblitération', 1970, 'Col. Alvess, em depósito na Fundação de Serralves - Museu de Arte Contemporânea, Porto. Depósito em 2009', 1);
INSERT INTO Pintura VALUES (68376285, 'Tinta acrílica sobre tela perfurada', 116, 81, NULL);
INSERT INTO ObraArtista(IDObra, IDArtista) VALUES (68376285, 31422763);

INSERT INTO Obra VALUES (51874023, 'Ligne Verticale à lemporte pièce', 1970, 'Col. Fundação de Serralves - Museu de Arte Contemporânea, Porto. Aquisição em 2009', 1);
INSERT INTO Pintura VALUES (51874023, 'Tinta acrílica sobre tela perfurada', 116, 81, NULL);
INSERT INTO ObraArtista(IDObra, IDArtista) VALUES (51874023, 31422763);

INSERT INTO Obra VALUES (79810689, 'Trou', 1971, 'Col. Alvess, em depósito na Fundação de Serralves - Museu de Arte Contemporânea, Porto. Depósito em 2009', 1);
INSERT INTO Pintura VALUES (79810689, 'Tinta acrílica sobre tela, tela perfurada', 116, 81, NULL);
INSERT INTO ObraArtista(IDObra, IDArtista) VALUES (79810689, 31422763);

INSERT INTO Obra VALUES (4431310, 'Etiquetes', 1972, 'Col. Fundação de Serralves - Museu de Arte Contemporânea, Porto. Aquisição em 2009', 1);
INSERT INTO Pintura VALUES (4431310, 'Tinta acrílica sobre tela perfurada', 116, 81, "Sensível ao calor");
INSERT INTO ObraArtista(IDObra, IDArtista) VALUES (4431310, 31422763);

INSERT INTO Obra VALUES (87078930, 'Shut up you jerk!', 2005, 'Col. Alvess, em depósito na Fundação de Serralves - Museu de Arte Contemporânea, Porto. Depósito em 2009', 1);
INSERT INTO Pintura VALUES (87078930, 'Tinta acrílica sobre tela', 116, 81, NULL);
INSERT INTO ObraArtista(IDObra, IDArtista) VALUES (87078930, 31422763);

INSERT INTO Obra VALUES (57257894, 'Correspondance des systemes 6', 1989, 'Col. Fundação de Serralves - Museu de Arte Contemporânea, Porto. Aquisição em 1990', 1);
INSERT INTO Pintura VALUES (57257894, 'Técnica mista sobre tela', 249, 199, NULL);
INSERT INTO ObraArtista(IDObra, IDArtista) VALUES (57257894, 47066036);

INSERT INTO Obra VALUES (17401699, 'Pintura', 1976, 'Col. Museu Nacional de Soares dos Reis, em depósito na Fundação de Serralves - Museu de Arte Contemporânea, Porto. Depósito em 1990', 1);
INSERT INTO Pintura VALUES (17401699, 'Óleo sobre tela', 100, 75, NULL);
INSERT INTO ObraArtista(IDObra, IDArtista) VALUES (17401699, 80730329);

INSERT INTO Obra VALUES (33588599, 'Sem título', 1982, 'Col. privada, em depósito na Fundação de Serralves - Museu de Arte Contemporânea, Porto. Depósito em 1992', 1);
INSERT INTO Pintura VALUES (33588599, 'Óleo sobre tela', 115, 149, "Não deixar ao sol");
INSERT INTO ObraArtista(IDObra, IDArtista) VALUES (33588599, 80730329);

INSERT INTO Obra VALUES (26441314, 'Pintura', 1986, 'Col. Secretaria de Estado da Cultura, em depósito na Fundação de Serralves - Museu de Arte Contemporânea, Porto. Depósito em 1990', 1);
INSERT INTO Pintura VALUES (26441314, 'Óleo sobre tela', 145, 129, NULL);
INSERT INTO ObraArtista(IDObra, IDArtista) VALUES (26441314, 80730329);

INSERT INTO Obra VALUES (15246250, 'Poemas Encontrados', 1963, 'Col. Fundação de Serralves - Museu de Arte Contemporânea, Porto. Aquisição em 2008', 1);
INSERT INTO Pintura VALUES (15246250, 'Óleo e colagem sobre aglomerado', 64, 50, "Sensível ao calor");
INSERT INTO ObraArtista(IDObra, IDArtista) VALUES (15246250, 64830985);

INSERT INTO Obra VALUES (93880231, 'Poemas Encontrados', 1963, 'Col. Fundação de Serralves - Museu de Arte Contemporânea, Porto. Aquisição em 2008', 1);
INSERT INTO Pintura VALUES (93880231, 'Óleo e colagem sobre aglomerado', 64, 50, NULL);
INSERT INTO ObraArtista(IDObra, IDArtista) VALUES (93880231, 64830985);

INSERT INTO Obra VALUES (12843095, 'É nos sonhos que tudo começa', 1970, 'Col. Fundação de Serralves - Museu de Arte Contemporânea, Porto. Aquisição em 2018', 1);
INSERT INTO Pintura VALUES (12843095, 'Tinta negra sobre tecido pintado', 180, 120, NULL);
INSERT INTO ObraArtista(IDObra, IDArtista) VALUES (12843095, 34341194);

INSERT INTO Obra VALUES (65237444, 'É nos sonhos que tudo começa', 1974, 'Col. Fundação de Serralves - Museu de Arte Contemporânea, Porto. Aquisição em 2018', 1);
INSERT INTO Pintura VALUES (65237444, 'Tinta negra sobre tecido pintado', 180, 120, "Não deixar ao sol");
INSERT INTO ObraArtista(IDObra, IDArtista) VALUES (65237444, 34341194);

INSERT INTO Obra VALUES (43979119, 'Alvo com figura', 1966, 'Col. privada, em depósito na Fundação de Serralves - Museu de Arte Contemporânea, Porto. Depósito em 2002', 1);
INSERT INTO Pintura VALUES (43979119, 'Tinta sobre aglomerado', 65, 53, NULL);
INSERT INTO ObraArtista(IDObra, IDArtista) VALUES (43979119, 27321771);

INSERT INTO Obra VALUES (58018747, 'Retrato do Conde-Duque de Olivares pintado... por Velázquez (Viagem sentimental)', 1966, 'Col. Secretaria de Estado da Cultura, em depósito na Fundação de Serralves - Museu de Arte Contemporânea, Porto. Depósito em 1990', 1);
INSERT INTO Pintura VALUES (58018747, 'Óleo sobre aglomerado', 64, 53, NULL);
INSERT INTO ObraArtista(IDObra, IDArtista) VALUES (58018747, 27321771);

INSERT INTO Obra VALUES (96494007, 'Sem título', 1973, 'Col. privada, em depósito na Fundação de Serralves - Museu de Arte Contemporânea, Porto. Depósito em 2002', 1);
INSERT INTO Pintura VALUES (96494007, 'Tinta acrílica sobre aglomerado', 49, 49, NULL);
INSERT INTO ObraArtista(IDObra, IDArtista) VALUES (96494007, 27321771);

INSERT INTO Obra VALUES (98313696, 'A.(B.)C.', 1989, 'Col. privada, em depósito na Fundação de Serralves - Museu de Arte Contemporânea, Porto. Depósito em 1992', 1);
INSERT INTO Pintura VALUES (98313696, 'Óleo sobre tela', 139, 89, "Não deixar ao sol");
INSERT INTO ObraArtista(IDObra, IDArtista) VALUES (98313696, 15944567);

INSERT INTO Obra VALUES (48845999, 'São Rosas Meu Senhor', 1989, 'Col. Fundação de Serralves - Museu de Arte Contemporânea, Porto. Aquisição em 1991', 1);
INSERT INTO Pintura VALUES (48845999, 'Óleo sobre tela (díptico)', 160, 130, NULL);
INSERT INTO ObraArtista(IDObra, IDArtista) VALUES (48845999, 15944567);

INSERT INTO Obra VALUES (52876770, 'Soft Tone-Rosa', 1989, 'Col. privada, em depósito na Fundação de Serralves - Museu de Arte Contemporânea, Porto. Depósito em 1992', 1);
INSERT INTO Pintura VALUES (52876770, 'Óleo sobre tela', 60, 200, NULL);
INSERT INTO ObraArtista(IDObra, IDArtista) VALUES (52876770, 15944567);

INSERT INTO Obra VALUES (92007149, 'A.(B.)C.', 1989, 'Col. privada, em depósito na Fundação de Serralves - Museu de Arte Contemporânea, Porto. Depósito em 1992', 1);
INSERT INTO Pintura VALUES (92007149, 'Óleo sobre tela', 139, 89, "Sensível ao calor");
INSERT INTO ObraArtista(IDObra, IDArtista) VALUES (92007149, 15944567);

INSERT INTO Obra VALUES (1525323, 'São Rosas Meu Senhor', 1989, 'Col. Fundação de Serralves - Museu de Arte Contemporânea, Porto. Aquisição em 1991', 1);
INSERT INTO Pintura VALUES (1525323, 'Óleo sobre tela (díptico)', 160, 130, "Não deixar ao sol");
INSERT INTO ObraArtista(IDObra, IDArtista) VALUES (1525323, 15944567);

INSERT INTO Obra VALUES (33884820, 'Soft Tone-Rosa', 1989, 'Col. privada, em depósito na Fundação de Serralves - Museu de Arte Contemporânea, Porto. Depósito em 1992', 1);
INSERT INTO Pintura VALUES (33884820, 'Óleo sobre tela', 60, 200, "Sensível ao calor");
INSERT INTO ObraArtista(IDObra, IDArtista) VALUES (33884820, 15944567);

/*Escultura*/


INSERT INTO Obra VALUES (10545388, 'A cor da cortiça', 1977, 'Col. Fundação de Serralves - Museu de Arte Contemporânea, Porto. Aquisição em 2006', 1);
INSERT INTO Escultura VALUES (10545388, 'Cortiça sobre contraplacado', 62, 48, 29);
INSERT INTO ObraArtista(IDObra, IDArtista) VALUES (10545388, 45694110);

INSERT INTO Obra VALUES (55206487, 'Projecto de Salvação do Mundo', 1983, 'Col. Fundação de Serralves - Museu de Arte Contemporânea, Porto. Aquisição em 2006', 1);
INSERT INTO Escultura VALUES (55206487, 'Madeira, metal, arame farpado', 57, 73, 53);
INSERT INTO ObraArtista(IDObra, IDArtista) VALUES (55206487, 45694110);

INSERT INTO Obra VALUES (3517640, 'Inclinado III', 1971, 'Col. Fundação de Serralves - Museu de Arte Contemporânea, Porto. Aquisição em 2004', 1);
INSERT INTO Escultura VALUES (3517640, 'Plástico, vidro, metal, tinta de esmalte', 48, 22, 18);
INSERT INTO ObraArtista(IDObra, IDArtista) VALUES (3517640, 70743591);

INSERT INTO Obra VALUES (28019232, 'Inclinado IV', 1971, 'Col. Fundação de Serralves - Museu de Arte Contemporânea, Porto. Aquisição em 2004', 1);
INSERT INTO Escultura VALUES (28019232, 'Plástico, vidro, madeira, tinta de esmalte', 73, 20, 94);
INSERT INTO ObraArtista(IDObra, IDArtista) VALUES (28019232, 70743591);

INSERT INTO Obra VALUES (11318333, 'Latas de leite V', 1972, 'Col. Fundação de Serralves - Museu de Arte Contemporânea, Porto. Aquisição em 2004', 1);
INSERT INTO Escultura VALUES (11318333, 'Metal, cola, tinta de esmalte', 22, 36, 92);
INSERT INTO ObraArtista(IDObra, IDArtista) VALUES (11318333, 70743591);

INSERT INTO Obra VALUES (74879768, 'Latas de leite VII', 1972, 'Col. Fundação de Serralves - Museu de Arte Contemporânea, Porto. Aquisição em 2004', 1);
INSERT INTO Escultura VALUES (74879768, 'Metal, cola, tinta de esmalte', 20, 31, 82);
INSERT INTO ObraArtista(IDObra, IDArtista) VALUES (74879768, 70743591);

INSERT INTO Obra VALUES (36147477, 'Latas de leite IV', 1972, 'Col. Fundação de Serralves - Museu de Arte Contemporânea, Porto. Aquisição em 2004', 1);
INSERT INTO Escultura VALUES (36147477, 'Metal, cola, tinta de esmalte', 16, 37, 6);
INSERT INTO ObraArtista(IDObra, IDArtista) VALUES (36147477, 70743591);

INSERT INTO Obra VALUES (30131340, 'Sem título', 1969, 'Col. privada, em depósito na Fundação de Serralves - Museu de Arte Contemporânea, Porto. Depósito em 1999', 1);
INSERT INTO Escultura VALUES (30131340, 'Tinta sintética sobre madeira', 100, 108, 25);
INSERT INTO ObraArtista(IDObra, IDArtista) VALUES (30131340, 27839978);

INSERT INTO Obra VALUES (98476659, 'Sem título', 1973, 'Col. Museu Nacional de Soares dos Reis, em depósito na Fundação de Serralves - Museu de Arte Contemporânea, Porto. Depósito em 1990', 1);
INSERT INTO Escultura VALUES (98476659, 'Tinta sintética sobre madeira', 101, 111, 86);
INSERT INTO ObraArtista(IDObra, IDArtista) VALUES (98476659, 27839978);

INSERT INTO Obra VALUES (2847232, 'Maintenant', 1970, 'Col. Fundação de Serralves - Museu de Arte Contemporânea, Porto. Doação do artista em 2009', 1);
INSERT INTO Escultura VALUES (2847232, 'Madeira, vidro, lettering', 7, 27, 65);
INSERT INTO ObraArtista(IDObra, IDArtista) VALUES (2847232, 31422763);

INSERT INTO Obra VALUES (65897179, 'Le seizemètre', 1971, 'Col. Fundação de Serralves - Museu de Arte Contemporânea, Porto. Doação do artista em 2009', 1);
INSERT INTO Escultura VALUES (65897179, 'Madeira, metal, veludo, borracha', 2, 21, 67);
INSERT INTO ObraArtista(IDObra, IDArtista) VALUES (65897179, 31422763);

INSERT INTO Obra VALUES (50888401, 'Atlas', 1972, 'Col. Fundação de Serralves - Museu de Arte Contemporânea, Porto. Doação do artista em 2009', 1);
INSERT INTO Escultura VALUES (50888401, 'Plástico, papel vegetal, letras decalcadas', 25, 17, 10);
INSERT INTO ObraArtista(IDObra, IDArtista) VALUES (50888401, 31422763);

INSERT INTO Obra VALUES (96864765, 'Ecrou papillon nº 3', 1969, 'Col. Fundação de Serralves - Museu de Arte Contemporânea, Porto. Doação do artista em 2009', 1);
INSERT INTO Escultura VALUES (96864765, 'Madeira, metal', 4, 27, 22);
INSERT INTO ObraArtista(IDObra, IDArtista) VALUES (96864765, 31422763);

INSERT INTO Obra VALUES (1659045, 'Console I', 2005, 'Col. Alvess, em depósito na Fundação de Serralves - Museu de Arte Contemporânea, Porto. Depósito em 2009', 1);
INSERT INTO Escultura VALUES (1659045, 'Gesso, corrente em metal', 40, 24, 39);
INSERT INTO ObraArtista(IDObra, IDArtista) VALUES (1659045, 31422763);

INSERT INTO Obra VALUES (43411172, 'Console II', 2005, 'Col. Alvess, em depósito na Fundação de Serralves - Museu de Arte Contemporânea, Porto. Depósito em 2009', 1);
INSERT INTO Escultura VALUES (43411172, 'Gesso, tecido, madeira', 40, 24, 32);
INSERT INTO ObraArtista(IDObra, IDArtista) VALUES (43411172, 31422763);

INSERT INTO Obra VALUES (53417655, 'Console III', 2005, 'Col. Alvess, em depósito na Fundação de Serralves - Museu de Arte Contemporânea, Porto. Depósito em 2009', 1);
INSERT INTO Escultura VALUES (53417655, 'Gesso', 61, 40, 18);
INSERT INTO ObraArtista(IDObra, IDArtista) VALUES (53417655, 31422763);

INSERT INTO Obra VALUES (34270071, 'Propreté de Paris', 1997, 'Col. Fundação de Serralves - Museu de Arte Contemporânea, Porto. Aquisição em 2009', 1);
INSERT INTO Escultura VALUES (34270071, 'Madeira, plástico, tecido, metal, pele sintética', 9, 211, 59);
INSERT INTO ObraArtista(IDObra, IDArtista) VALUES (34270071, 31422763);

INSERT INTO Obra VALUES (97730734, '"a spine wall supressed all draughts"', 2008, 'Col. Fundação de Serralves - Museu de Arte Contemporânea, Porto. Aquisição em 2013', 1);
INSERT INTO Escultura VALUES (97730734, 'Couro, corda (2 elementos). Ed. 1/1', 8, 90, 53);
INSERT INTO ObraArtista(IDObra, IDArtista) VALUES (97730734, 50398424);

INSERT INTO Obra VALUES (21942440, '"avoiding the mistral wind"', 2008, 'Col. Fundação de Serralves - Museu de Arte Contemporânea, Porto. Aquisição em 2013', 1);
INSERT INTO Escultura VALUES (21942440, 'Madeira, couro (3 elementos). Ed. 1/1', 47, 35, 35);
INSERT INTO ObraArtista(IDObra, IDArtista) VALUES (21942440, 50398424);

INSERT INTO Obra VALUES (36884036, '"paving stones across the garden"', 2008, 'Col. Fundação de Serralves - Museu de Arte Contemporânea, Porto. Aquisição em 2013', 1);
INSERT INTO Escultura VALUES (36884036, 'Couro (2 elementos). Ed. 2 + 1 P.A.', 50, 40, 77);
INSERT INTO ObraArtista(IDObra, IDArtista) VALUES (36884036, 50398424);

INSERT INTO Obra VALUES (98532621, 'Cena incompreensível mas talvez decisiva', 1969, 'Col. Fundação de Serralves - Museu de Arte Contemporânea, Porto. Aquisição em 1999', 1);
INSERT INTO Escultura VALUES (98532621, 'Óleo e esmalte sobre madeira, vidro', 33, 50, 61);
INSERT INTO ObraArtista(IDObra, IDArtista) VALUES (98532621, 27321771);

INSERT INTO Obra VALUES (17237178, 'Comemoração do bicentenário do nascimento do artista', 1972, 'Col. Fundação de Serralves - Museu de Arte Contemporânea, Porto. Aquisição em 2001', 1);
INSERT INTO Escultura VALUES (17237178, 'Bronze', 22, 42, 77);
INSERT INTO ObraArtista(IDObra, IDArtista) VALUES (17237178, 27321771);

INSERT INTO Obra VALUES (3517363, 'BLP', 1969, 'Col. Fundação de Serralves - Museu de Arte Contemporânea, Porto. Aquisição em 1999', 1);
INSERT INTO Escultura VALUES (3517363, 'Aço pintado', 115, 37, 55);
INSERT INTO ObraArtista(IDObra, IDArtista) VALUES (3517363, 48437889);

INSERT INTO Obra VALUES (8431679, 'Fractal', 1987, 'Col. Secretaria de Estado da Cultura, em depósito na Fundação de Serralves - Museu de Arte Contemporânea, Porto. Depósito em 1990', 1);
INSERT INTO Escultura VALUES (8431679, 'Fórmica, madeira', 43, 43, 79);
INSERT INTO ObraArtista(IDObra, IDArtista) VALUES (8431679, 48437889);

INSERT INTO Obra VALUES (3565083, 'Sueca', 1981, 'Col. Secretaria de Estado da Cultura, em depósito na Fundação de Serralves - Museu de Arte Contemporânea, Porto. Depósito em 1990', 1);
INSERT INTO Escultura VALUES (3565083, 'Gesso pintado', 108, 166, 84);
INSERT INTO ObraArtista(IDObra, IDArtista) VALUES (3565083, 92867389);

INSERT INTO Obra VALUES (40545162, 'Relaxed Economy', 2017, 'Col. Fundação de Serralves - Museu de Arte Contemporânea, Porto. Aquisição em 2018', 1);
INSERT INTO Escultura VALUES (40545162, 'Estrutura metálicas, tinta-da-china e acrílico sobre tela', 130, 180, 77);
INSERT INTO ObraArtista(IDObra, IDArtista) VALUES (40545162, 30063972);

INSERT INTO Obra VALUES (24128182, 'Máquina de Bater Palmas', 1978, 'Col. Fundação de Serralves - Museu de Arte Contemporânea, Porto. Aquisição em 2008', 1);
INSERT INTO Escultura VALUES (24128182, 'Madeira, sistema mecânico de movimento', 141, 67, 50);
INSERT INTO ObraArtista(IDObra, IDArtista) VALUES (24128182, 27135057);

INSERT INTO Obra VALUES (88826934, 'E a queimadura brilha', 1988, 'Col. Fundação de Serralves - Museu de Arte Contemporânea, Porto. Aquisição em 1990', 1);
INSERT INTO Escultura VALUES (88826934, 'Papel, tijolo, ferro', 41, 25, 99);
INSERT INTO ObraArtista(IDObra, IDArtista) VALUES (88826934, 38227350);

INSERT INTO Obra VALUES (29489771, 'Ismos', 1977, 'Col. Fundação de Serralves - Museu de Arte Contemporânea, Porto. Aquisição em 2010', 1);
INSERT INTO Escultura VALUES (29489771, 'Madeira', 12, 12, 15);
INSERT INTO ObraArtista(IDObra, IDArtista) VALUES (29489771, 13115334);

INSERT INTO Obra VALUES (21991686, 'Formar/deformar', 1977, 'Col. Fundação de Serralves - Museu de Arte Contemporânea, Porto. Aquisição em 2010', 1);
INSERT INTO Escultura VALUES (21991686, 'Sapato, letras de decalque', 11, 29, 13);
INSERT INTO ObraArtista(IDObra, IDArtista) VALUES (21991686, 13115334);

INSERT INTO Obra VALUES (52540548, 'VerDade', 1977, 'Col. Fundação de Serralves - Museu de Arte Contemporânea, Porto. Aquisição em 2012', 1);
INSERT INTO Escultura VALUES (52540548, 'Óculos de plástico pintados, letras de decalque', 4, 14, 49);
INSERT INTO ObraArtista(IDObra, IDArtista) VALUES (52540548, 13115334);

INSERT INTO Obra VALUES (89847280, 'Valor', 1977, 'Col. Fundação de Serralves - Museu de Arte Contemporânea, Porto. Aquisição em 2012', 1);
INSERT INTO Escultura VALUES (89847280, 'Cetim, pedras', 10, 11, 87);
INSERT INTO ObraArtista(IDObra, IDArtista) VALUES (89847280, 13115334);

INSERT INTO Obra VALUES (39009420, 'Autista', 1985, 'Col. Fundação de Serralves - Museu de Arte Contemporânea, Porto. Aquisição em 2011', 1);
INSERT INTO Escultura VALUES (39009420, 'Colher, bandeira pintada, mastro', 99, 147, 42);
INSERT INTO ObraArtista(IDObra, IDArtista) VALUES (39009420, 13115334);

INSERT INTO Obra VALUES (29709270, 'Termiten Savanne', 1969, 'Col. Fundação de Serralves - Museu de Arte Contemporânea, Porto. Aquisição em 2005', 1);
INSERT INTO Escultura VALUES (29709270, 'Madeira pintada, pigmento, lâmpadas, penas, pintura e desenho sobre papel', 1200, 300, 47);
INSERT INTO ObraArtista(IDObra, IDArtista) VALUES (29709270, 98843488);

INSERT INTO Obra VALUES (13379980, 'Palmier', 1966, 'Col. Fundação de Serralves - Museu de Arte Contemporânea, Porto. Aquisição em 2000', 1);
INSERT INTO Escultura VALUES (13379980, 'Alumínio pintado, ventoinha elétrica', 80, 66, 79);
INSERT INTO ObraArtista(IDObra, IDArtista) VALUES (13379980, 19138950);

INSERT INTO Obra VALUES (5669563, 'La Mer', 1971, 'Col. Fundação de Serralves - Museu de Arte Contemporânea, Porto. Aquisição em 2000', 1);
INSERT INTO Escultura VALUES (5669563, 'Alumínio pintado, motor', 23, 100, 67);
INSERT INTO ObraArtista(IDObra, IDArtista) VALUES (5669563, 19138950);

INSERT INTO Obra VALUES (15602654, 'Nuage à surface variable', 1971, 'Col. Secretaria de Estado da Cultura, em depósito na Fundação de Serralves - Museu de Arte Contemporânea, Porto. Depósito em 1990', 1);
INSERT INTO Escultura VALUES (15602654, 'Alumínio pintado, motor', 91, 95, 96);
INSERT INTO ObraArtista(IDObra, IDArtista) VALUES (15602654, 19138950);

INSERT INTO Obra VALUES (99508323, 'Sol', 1968, 'Col. Fundação de Serralves - Museu de Arte Contemporânea, Porto. Aquisição em 2000', 1);
INSERT INTO Escultura VALUES (99508323, 'Alumínio, motor', 40, 300, 10);
INSERT INTO ObraArtista(IDObra, IDArtista) VALUES (99508323, 19138950);

INSERT INTO Obra VALUES (86812224, 'O Sol e a Lua', 1968, 'Col. Fundação de Serralves - Museu de Arte Contemporânea, Porto. Aquisição em 2000', 1);
INSERT INTO Escultura VALUES (86812224, 'Alumínio, motor', 230, 300, 23);
INSERT INTO ObraArtista(IDObra, IDArtista) VALUES (86812224, 19138950);

INSERT INTO Obra VALUES (79214873, 'Palmier', 1966, 'Col. Fundação de Serralves - Museu de Arte Contemporânea, Porto. Aquisição em 2000', 1);
INSERT INTO Escultura VALUES (79214873, 'Alumínio pintado, ventoinha elétrica', 80, 66, 97);
INSERT INTO ObraArtista(IDObra, IDArtista) VALUES (79214873, 19138950);

INSERT INTO Obra VALUES (86304103, 'La Mer', 1971, 'Col. Fundação de Serralves - Museu de Arte Contemporânea, Porto. Aquisição em 2000', 1);
INSERT INTO Escultura VALUES (86304103, 'Alumínio pintado, motor', 23, 100, 38);
INSERT INTO ObraArtista(IDObra, IDArtista) VALUES (86304103, 19138950);

INSERT INTO Obra VALUES (89271490, 'Nuage à surface variable', 1971, 'Col. Secretaria de Estado da Cultura, em depósito na Fundação de Serralves - Museu de Arte Contemporânea, Porto. Depósito em 1990', 1);
INSERT INTO Escultura VALUES (89271490, 'Alumínio pintado, motor', 91, 95, 78);
INSERT INTO ObraArtista(IDObra, IDArtista) VALUES (89271490, 19138950);

INSERT INTO Obra VALUES (84004544, 'Sol', 1968, 'Col. Fundação de Serralves - Museu de Arte Contemporânea, Porto. Aquisição em 2000', 1);
INSERT INTO Escultura VALUES (84004544, 'Alumínio, motor', 40, 300, 54);
INSERT INTO ObraArtista(IDObra, IDArtista) VALUES (84004544, 19138950);

INSERT INTO Obra VALUES (71278845, 'O Sol e a Lua', 1968, 'Col. Fundação de Serralves - Museu de Arte Contemporânea, Porto. Aquisição em 2000', 1);
INSERT INTO Escultura VALUES (71278845, 'Alumínio, motor', 230, 300, 57);
INSERT INTO ObraArtista(IDObra, IDArtista) VALUES (71278845, 19138950);


/*Fotografia*/


INSERT INTO Obra VALUES (94065258, 'Socorro!', 1977, 'Col. Fundação de Serralves - Museu de Arte Contemporânea, Porto. Aquisição em 2006', 1);
INSERT INTO Fotografia VALUES (94065258, 8, 12, TRUE);
INSERT INTO ObraArtista(IDObra, IDArtista) VALUES (94065258, 45694110);

INSERT INTO Obra VALUES (72816250, 'Tela rosa para vestir', 1969, 'Col. Fundação de Serralves - Museu de Arte Contemporânea, Porto. Aquisição em 2000', 1);
INSERT INTO Fotografia VALUES (72816250, 58, 48, TRUE);
INSERT INTO ObraArtista(IDObra, IDArtista) VALUES (72816250, 68944668);

INSERT INTO Obra VALUES (40367235, 'Pintura habitada', 1975, 'Col. Fundação de Serralves - Museu de Arte Contemporânea, Porto. Aquisição em 1999', 1);
INSERT INTO Fotografia VALUES (40367235, 46, 50, TRUE);
INSERT INTO ObraArtista(IDObra, IDArtista) VALUES (40367235, 68944668);

INSERT INTO Obra VALUES (30145782, 'Desenho habitado', 1977, 'Col. Secretaria de Estado da Cultura, em depósito na Fundação de Serralves - Museu de Arte Contemporânea, Porto. Depósito em 1990', 1);
INSERT INTO Fotografia VALUES (30145782, 31, 48, TRUE);
INSERT INTO ObraArtista(IDObra, IDArtista) VALUES (30145782, 68944668);

INSERT INTO Obra VALUES (43135503, 'Estudo para um enriquecimento interior', 1977, 'Col. Fundação de Serralves - Museu de Arte Contemporânea, Porto. Aquisição em 1999', 1);
INSERT INTO Fotografia VALUES (43135503, 48, 29, TRUE);
INSERT INTO ObraArtista(IDObra, IDArtista) VALUES (43135503, 68944668);

INSERT INTO Obra VALUES (53627844, 'Sem título', 1994, 'Col. Fundação de Serralves - Museu de Arte Contemporânea, Porto. Aquisição em 1995', 1);
INSERT INTO Fotografia VALUES (53627844, 220, 110, TRUE);
INSERT INTO ObraArtista(IDObra, IDArtista) VALUES (53627844, 68944668);

INSERT INTO Obra VALUES (18587539, 'Isaías', 1970, 'Col. Alvess, em depósito na Fundação de Serralves - Museu de Arte Contemporânea, Porto. Depósito em 2009', 1);
INSERT INTO Fotografia VALUES (18587539, 24, 18, TRUE);
INSERT INTO ObraArtista(IDObra, IDArtista) VALUES (18587539, 31422763);

INSERT INTO Obra VALUES (27157531, 'Les 7 heures de la Biennale: Opération 7 jours dAlvess', 1980, 'Col. Fundação de Serralves - Museu de Arte Contemporânea, Porto. Aquisição em 2009', 1);
INSERT INTO Fotografia VALUES (27157531, 18, 23, TRUE);
INSERT INTO ObraArtista(IDObra, IDArtista) VALUES (27157531, 31422763);

INSERT INTO Obra VALUES (55812786, 'Avant-pendant-après', 1971, 'Col. Alvess, em depósito na Fundação de Serralves - Museu de Arte Contemporânea, Porto. Depósito em 2009', 1);
INSERT INTO Fotografia VALUES (55812786, 13, 10, TRUE);
INSERT INTO ObraArtista(IDObra, IDArtista) VALUES (55812786, 31422763);

INSERT INTO Obra VALUES (85691762, 'Gauloises blues', 1971, 'Col. Alvess, em depósito na Fundação de Serralves - Museu de Arte Contemporânea, Porto. Depósito em 2009', 1);
INSERT INTO Fotografia VALUES (85691762, 20, 13, TRUE);
INSERT INTO ObraArtista(IDObra, IDArtista) VALUES (85691762, 31422763);

INSERT INTO Obra VALUES (9989289, 'Entrare nellopera', 1971, 'Col. Fundação de Serralves - Museu de Arte Contemporânea, Porto. Aquisição em 1999', 1);
INSERT INTO Fotografia VALUES (9989289, 336, 491, TRUE);
INSERT INTO ObraArtista(IDObra, IDArtista) VALUES (9989289, 87877241);

INSERT INTO Obra VALUES (48923942, 'A Movie: Directional Piece. where People Are Looking (with R', 1980, 'Col. Fundação de Serralves - Museu de Arte Contemporânea, Porto. Aquisição em 2001', 1);
INSERT INTO Fotografia VALUES (48923942, 250, 260, TRUE);
INSERT INTO ObraArtista(IDObra, IDArtista) VALUES (48923942, 62384626);

INSERT INTO Obra VALUES (26294567, 'Plumbers Assemblages', 2013, 'Col. Fundação de Serralves - Museu de Arte Contemporânea, Porto. Aquisição em 2015', 1);
INSERT INTO Fotografia VALUES (26294567, 50, 50, TRUE);
INSERT INTO ObraArtista(IDObra, IDArtista) VALUES (26294567, 65822224);

INSERT INTO Obra VALUES (87847493, 'TrAdição/Traição', 1979, 'Col. Fundação de Serralves - Museu de Arte Contemporânea, Porto. Doação do artista em 2010', 1);
INSERT INTO Fotografia VALUES (87847493, 97, 97, TRUE);
INSERT INTO ObraArtista(IDObra, IDArtista) VALUES (87847493, 13115334);

INSERT INTO Obra VALUES (34097599, 'Haida Metamorphosis', 1969, 'Col. Fundação de Serralves - Museu de Arte Contemporânea, Porto. Aquisição em 1998', 1);
INSERT INTO Fotografia VALUES (34097599, 103, 122, TRUE);
INSERT INTO ObraArtista(IDObra, IDArtista) VALUES (34097599, 98843488);

INSERT INTO Obra VALUES (81897013, 'Aufbereitungsanlagen', 1962, 'Col. Fundação de Serralves - Museu de Arte Contemporânea, Porto. Aquisição em 2001', 1);
INSERT INTO Fotografia VALUES (81897013, 90, 105, TRUE);
INSERT INTO ObraArtista(IDObra, IDArtista) VALUES (81897013, 82334784);

INSERT INTO Obra VALUES (62428344, 'Aufbereitungsanlagen', 1974, 'Col. Fundação de Serralves - Museu de Arte Contemporânea, Porto. Aquisição em 2001', 1);
INSERT INTO Fotografia VALUES (62428344, 90, 105, TRUE);
INSERT INTO ObraArtista(IDObra, IDArtista) VALUES (62428344, 82334784);

INSERT INTO Obra VALUES (22964637, 'Transparent and Opaque #1-12', 1968, 'Col. Fundação de Serralves - Museu de Arte Contemporânea, Porto. Aquisição em 2001', 1);
INSERT INTO Fotografia VALUES (22964637, 40, 50, TRUE);
INSERT INTO ObraArtista(IDObra, IDArtista) VALUES (22964637, 12663875);

INSERT INTO Obra VALUES (54175343, 'Inventaire des objects ayant appartenu à une vieille dame de Baden-Baden', 1973, 'Col. Fundação de Serralves - Museu de Arte Contemporânea, Porto. Aquisição em 1999', 1);
INSERT INTO Fotografia VALUES (54175343, 22, 35, TRUE);
INSERT INTO ObraArtista(IDObra, IDArtista) VALUES (54175343, 59999648);

INSERT INTO Obra VALUES (96421149, 'Regal und Bett', 1970, 'Col. Fundação de Serralves - Museu de Arte Contemporânea, Porto. Doação da artista em 2008', 1);
INSERT INTO Fotografia VALUES (96421149, 24, 36, TRUE);
INSERT INTO ObraArtista(IDObra, IDArtista) VALUES (96421149, 53169314);

INSERT INTO Obra VALUES (57434474, 'Weisses Haus', 1982, 'Col. Fundação de Serralves - Museu de Arte Contemporânea, Porto. Doação da artista em 2008', 1);
INSERT INTO Fotografia VALUES (57434474, 24, 36, TRUE);
INSERT INTO ObraArtista(IDObra, IDArtista) VALUES (57434474, 53169314);

INSERT INTO Obra VALUES (13169005, '# 71 (Time-Space)', 1976, 'Col. Fundação de Serralves - Museu de Arte Contemporânea, Porto. Aquisição em 1999', 1);
INSERT INTO Fotografia VALUES (13169005, 180, 240, TRUE);
INSERT INTO ObraArtista(IDObra, IDArtista) VALUES (13169005, 63099592);

INSERT INTO Obra VALUES (59909059, 'Within your eyes I am ART-FORM-FEELINGS', 1969, 'Col. Fundação de Serralves - Museu de Arte Contemporânea, Porto. Aquisição em 1999', 1);
INSERT INTO Fotografia VALUES (59909059, 75, 100, TRUE);
INSERT INTO ObraArtista(IDObra, IDArtista) VALUES (59909059, 10438466);

INSERT INTO Obra VALUES (94537285, 'My hands have no meanings anymore', 1969, 'Col. Fundação de Serralves - Museu de Arte Contemporânea, Porto. Aquisição em 1999', 1);
INSERT INTO Fotografia VALUES (94537285, 75, 118, TRUE);
INSERT INTO ObraArtista(IDObra, IDArtista) VALUES (94537285, 10438466);

INSERT INTO Obra VALUES (63996670, 'Trajeto de um Corpo', 1976, 'Col. Fundação de Serralves - Museu de Arte Contemporânea, Porto. Aquisição em 1991', 1);
INSERT INTO Fotografia VALUES (63996670, 139, 207, TRUE);
INSERT INTO ObraArtista(IDObra, IDArtista) VALUES (63996670, 10438466);

INSERT INTO Obra VALUES (56843468, 'Projecto Praia da Luz - Estrutura de pedras de basalto', 1974, 'Col. Fundação de Serralves - Museu de Arte Contemporânea, Porto. Aquisição em 1999', 1);
INSERT INTO Fotografia VALUES (56843468, 141, 221, TRUE);
INSERT INTO ObraArtista(IDObra, IDArtista) VALUES (56843468, 30340370);

INSERT INTO Obra VALUES (74916870, 'Projecto Praia da Luz - Estrutura de pedras de basalto', 1974, 'Col. Fundação de Serralves - Museu de Arte Contemporânea, Porto. Aquisição em 1999', 1);
INSERT INTO Fotografia VALUES (74916870, 141, 221, TRUE);
INSERT INTO ObraArtista(IDObra, IDArtista) VALUES (74916870, 30340370);


/*Filme*/


INSERT INTO Obra VALUES (80233250, 'Ça va', 2001, 'Col. Fundação de Serralves - Museu de Arte Contemporânea, Porto. Aquisição em 2012', 1);
INSERT INTO Filme VALUES (80233250, 2325, 'Filme HD 16:9 em projecção dupla, 1713. Ed. 1/5 + 1', 'PT');
INSERT INTO ObraArtista(IDObra, IDArtista) VALUES (80233250, 31417902);

INSERT INTO Obra VALUES (13607155, 'Os Humores Artificiais', 2016, 'Este filme foi produzido e subsidiado pela Fundação de Serralves, Bienal de São Paulo e Colección Inelcom 2016', 1);
INSERT INTO Filme VALUES (13607155, 11308, 'Filme 16mm transcrito para vídeo HD, cor, som (stereo), 29’03". Ed. 1/5 + 2 A.P.', 'PT');
INSERT INTO ObraArtista(IDObra, IDArtista) VALUES (13607155, 72150389);

INSERT INTO Obra VALUES (21779889, 'Three Relationship Studies (Shadow-Play', 2002, 'Col. Fundação de Serralves - Museu de Arte Contemporânea, Porto. Aquisição em 1999', 1);
INSERT INTO Filme VALUES (21779889, 8162, 'Super 8mm transferido para vídeo, cor e p/b, sem som, 4:3, PAL, 1230"', 'PT');
INSERT INTO ObraArtista(IDObra, IDArtista) VALUES (21779889, 80133547);

INSERT INTO Obra VALUES (71731232, 'Three Frame Studies (Circle', 1990, 'Col. Fundação de Serralves - Museu de Arte Contemporânea, Porto. Aquisição em 1999', 1);
INSERT INTO Filme VALUES (71731232, 14764, 'Super 8mm transferido para vídeo, cor e p/b, sem som, 4:3, PAL, 1058', 'PT');
INSERT INTO ObraArtista(IDObra, IDArtista) VALUES (71731232, 80133547);

INSERT INTO Obra VALUES (57658107, 'Claim Excerpts', 1971, 'Col. Fundação de Serralves - Museu de Arte Contemporânea, Porto. Aquisição em 1999', 1);
INSERT INTO Filme VALUES (57658107, 9789, 'Vídeo, p/b, som, 4:3, PAL, 6211"', 'PT');
INSERT INTO ObraArtista(IDObra, IDArtista) VALUES (57658107, 80133547);

INSERT INTO Obra VALUES (5916081, 'Waterways: 4 Saliva Studies', 1971, 'Col. Fundação de Serralves - Museu de Arte Contemporânea, Porto. Aquisição em 1999', 1);
INSERT INTO Filme VALUES (5916081, 2060, 'Vídeo, p/b, som, 4:3, PAL, 2227', 'PT');
INSERT INTO ObraArtista(IDObra, IDArtista) VALUES (5916081, 80133547);

INSERT INTO Obra VALUES (54753227, 'Shoot', 1974, 'Col. Fundação de Serralves - Museu de Arte Contemporânea, Porto. Aquisição em 1999', 1);
INSERT INTO Filme VALUES (54753227, 7015, 'Vídeo, cor, som, 4:3, PAL, 1018"', 'PT');
INSERT INTO ObraArtista(IDObra, IDArtista) VALUES (54753227, 80133547);

INSERT INTO Obra VALUES (44880004, 'The Little Match Girl Ballet', 1975, 'Col. Fundação de Serralves - Museu de Arte Contemporânea, Porto. Aquisição em 1999', 1);
INSERT INTO Filme VALUES (44880004, 9087, 'Vídeo, cor, som, 4:3, PAL, 2623"', 'PT');
INSERT INTO ObraArtista(IDObra, IDArtista) VALUES (44880004, 12056400);

INSERT INTO Obra VALUES (90127407, 'Hipólito', 2003, 'Col. Fundação de Serralves - Museu de Arte Contemporânea, Porto. Aquisição em 2004', 1);
INSERT INTO Filme VALUES (90127407, 19465, 'Vídeo, cor, som, 14 03. Ed. 4/5', 'PT');
INSERT INTO ObraArtista(IDObra, IDArtista) VALUES (90127407, 34341194);

INSERT INTO Obra VALUES (69088900, 'O Jardim', 2005, 'Col. Fundação de Serralves - Museu de Arte Contemporânea, Porto. Aquisição em 2007', 1);
INSERT INTO Filme VALUES (69088900, 2169, 'Vídeo, cor, som, 944. Ed. 3/5 + 2 P.A.', 'PT');
INSERT INTO ObraArtista(IDObra, IDArtista) VALUES (69088900, 34341194);

INSERT INTO Obra VALUES (43059131, 'Knife Throw / Catapult / Rubber Band / Fork Pairs / Nova Scotia Fires', 1969, 'Col. Fundação de Serralves - Museu de Arte Contemporânea, Porto. Aquisição em 1999', 1);
INSERT INTO Filme VALUES (43059131, 12753, 'Video, p/b e cor, som e s/ som, 1627', 'PT');
INSERT INTO ObraArtista(IDObra, IDArtista) VALUES (43059131, 90964596);

INSERT INTO Obra VALUES (60801676, 'I Will Not Make Any More Boring Art', 1971, 'Col. Fundação de Serralves - Museu de Arte Contemporânea, Porto. Aquisição em 1999', 1);
INSERT INTO Filme VALUES (60801676, 16963, 'Vídeo, p/b, som, 4:3, PAL, 1320"', 'PT');
INSERT INTO ObraArtista(IDObra, IDArtista) VALUES (60801676, 62384626);

INSERT INTO Obra VALUES (57493732, 'Baldessari Sings LeWitt', 1971, 'Col. Fundação de Serralves - Museu de Arte Contemporânea, Porto. Aquisição em 1999', 1);
INSERT INTO Filme VALUES (57493732, 8892, 'Vídeo (Betacam), p/b, som, 15, PAL', 'PT');
INSERT INTO ObraArtista(IDObra, IDArtista) VALUES (57493732, 62384626);

INSERT INTO Obra VALUES (66667727, 'Folding Hat', 1970, 'Col. Fundação de Serralves - Museu de Arte Contemporânea, Porto. Aquisição em 1999', 1);
INSERT INTO Filme VALUES (66667727, 3821, 'Vídeo, p/b, som, 4:3, PAL, 2921"', 'PT');
INSERT INTO ObraArtista(IDObra, IDArtista) VALUES (66667727, 62384626);

INSERT INTO Obra VALUES (3230638, 'Ed Henderson Reconstructs Movie Scenarios', 1973, 'Col. Fundação de Serralves - Museu de Arte Contemporânea, Porto. Aquisição em 1999', 1);
INSERT INTO Filme VALUES (3230638, 15392, 'Vídeo, p/b, som, 4:3, PAL, 2404"', 'PT');
INSERT INTO ObraArtista(IDObra, IDArtista) VALUES (3230638, 62384626);

INSERT INTO Obra VALUES (9280357, 'Six Colorful Inside Jobs', 1977, 'Col. Fundação de Serralves - Museu de Arte Contemporânea, Porto. Aquisição em 2011', 1);
INSERT INTO Filme VALUES (9280357, 14910, 'Filme de 16mm transferido para vídeo, cor, sem som, 32 53"', 'PT');
INSERT INTO ObraArtista(IDObra, IDArtista) VALUES (9280357, 62384626);

INSERT INTO Obra VALUES (45105503, 'Teoria da Fala (fábrica)', 2009, 'Col. Fundação de Serralves - Museu de Arte Contemporânea, Porto. Doação do artista em 2010', 1);
INSERT INTO Filme VALUES (45105503, 14547, 'Filme 16mm transcrito para DVCam e DVD, p/b, sem som, 226. P.A.', 'PT');
INSERT INTO ObraArtista(IDObra, IDArtista) VALUES (45105503, 30063972);

INSERT INTO Obra VALUES (62272671, 'Teoria da fala (orelha objecto)', 2009, 'Dimensões variáveis', 1);
INSERT INTO Filme VALUES (62272671, 8801, 'Filme 16mm transcrito para DVCam e DVD, p/b, som, 211. Ed. 1 + 1 P.A.', 'PT');
INSERT INTO ObraArtista(IDObra, IDArtista) VALUES (62272671, 30063972);

INSERT INTO Obra VALUES (65261844, 'Female Sensibility', 1973, 'Col. Fundação de Serralves - Museu de Arte Contemporânea, Porto. Aquisição em 1999', 1);
INSERT INTO Filme VALUES (65261844, 12299, 'Vídeo, cor, som, 4:3, PAL, 1313"', 'PT');
INSERT INTO ObraArtista(IDObra, IDArtista) VALUES (65261844, 61693972);

INSERT INTO Obra VALUES (1229241, 'Bar(Red)', 1975, 'Col. Fundação de Serralves - Museu de Arte Contemporânea, Porto. Aquisição em 2010', 1);
INSERT INTO Filme VALUES (1229241, 13138, 'Vídeo, p/b, som, 4:3, PAL, 330', 'PT');
INSERT INTO ObraArtista(IDObra, IDArtista) VALUES (1229241, 93485938);

INSERT INTO Obra VALUES (35633920, 'Chaired Anxieties', 1975, 'Col. Fundação de Serralves - Museu de Arte Contemporânea, Porto. Aquisição em 2010', 1);
INSERT INTO Filme VALUES (35633920, 17304, 'Vídeo, p/b, som, 4:3, PAL, 2546', 'PT');
INSERT INTO ObraArtista(IDObra, IDArtista) VALUES (35633920, 93485938);
INSERT INTO Obra VALUES (59776712, 'Control Piece', 1975, 'Col. Fundação de Serralves - Museu de Arte Contemporânea, Porto. Aquisição em 2010', 1);
INSERT INTO Filme VALUES (59776712, 5888, 'Vídeo, p/b, som, 4:3, PAL, 555', 'PT');
INSERT INTO ObraArtista(IDObra, IDArtista) VALUES (59776712, 93485938);
INSERT INTO Obra VALUES (59123233, 'Mirroring', 1975, 'Col. Fundação de Serralves - Museu de Arte Contemporânea, Porto. Aquisição em 2010', 1);
INSERT INTO Filme VALUES (59123233, 18976, 'Vídeo, p/b, sem som, 4:3, PAL, 601', 'PT');
INSERT INTO ObraArtista(IDObra, IDArtista) VALUES (59123233, 93485938);

INSERT INTO Obra VALUES (28102900, 'Pivot: Turning Around Suppositions', 1976, 'Col. Fundação de Serralves - Museu de Arte Contemporânea, Porto. Aquisição em 2010', 1);
INSERT INTO Filme VALUES (28102900, 10820, 'Vídeo, p/b, som, 4:3, PAL, 953', 'PT');
INSERT INTO ObraArtista(IDObra, IDArtista) VALUES (28102900, 93485938);

INSERT INTO Obra VALUES (24605750, 'Liberty: A Dozen Or So Views', 1976, 'Col. Fundação de Serralves - Museu de Arte Contemporânea, Porto. Aquisição em 2010', 1);
INSERT INTO Filme VALUES (24605750, 8776, 'Vídeo, p/b, som, 4:3, PAL, 1127', 'PT');
INSERT INTO ObraArtista(IDObra, IDArtista) VALUES (24605750, 93485938);

INSERT INTO Obra VALUES (74728369, 'Everything is Gonna Be?', 1976, 'Col. Fundação de Serralves - Museu de Arte Contemporânea, Porto. Aquisição em 2010', 1);
INSERT INTO Filme VALUES (74728369, 16097, 'Vídeo, p/b, som, 4:3, PAL, 1057"', 'PT');
INSERT INTO ObraArtista(IDObra, IDArtista) VALUES (74728369, 93485938);

INSERT INTO Obra VALUES (69465813, 'Technology/Transformation: Wonder Woman', 1978, 'Col. Fundação de Serralves - Museu de Arte Contemporânea, Porto. Aquisição em 2010', 1);
INSERT INTO Filme VALUES (69465813, 8185, 'Vídeo, cor, som, 4:3, PAL, 556', 'PT');
INSERT INTO ObraArtista(IDObra, IDArtista) VALUES (69465813, 93485938);

INSERT INTO Obra VALUES (1496456, 'Kiss the Girls: Make them Cry', 1979, 'Col. Fundação de Serralves - Museu de Arte Contemporânea, Porto. Aquisição em 2010', 1);
INSERT INTO Filme VALUES (1496456, 3833, 'Vídeo, cor, som, 4:3, PAL, 640', 'PT');
INSERT INTO ObraArtista(IDObra, IDArtista) VALUES (1496456, 93485938);

INSERT INTO Obra VALUES (67785258, 'Pop Pop Video', 1980, 'Col. Fundação de Serralves - Museu de Arte Contemporânea, Porto. Aquisição em 2010', 1);
INSERT INTO Filme VALUES (67785258, 457, 'Vídeo, cor, som, 4:3, PAL, 820', 'PT');
INSERT INTO ObraArtista(IDObra, IDArtista) VALUES (67785258, 93485938);

INSERT INTO Obra VALUES (10446246, 'Remy/Grand Central: Trains and Boats and Planes', 1980, 'Col. Fundação de Serralves - Museu de Arte Contemporânea, Porto. Aquisição em 2010', 1);
INSERT INTO Filme VALUES (10446246, 11164, 'Vídeo, cor, som, 4:3, PAL, 418"', 'PT');
INSERT INTO ObraArtista(IDObra, IDArtista) VALUES (10446246, 93485938);

INSERT INTO Obra VALUES (98472004, 'New Music Shorts', 1981, 'Col. Fundação de Serralves - Museu de Arte Contemporânea, Porto. Aquisição em 2010', 1);
INSERT INTO Filme VALUES (98472004, 5501, 'Vídeo, cor, som, 4:3, PAL, 616', 'PT');
INSERT INTO ObraArtista(IDObra, IDArtista) VALUES (98472004, 93485938);

INSERT INTO Obra VALUES (44627008, 'PM Magazine/Acid Rock', 1982, 'Col. Fundação de Serralves - Museu de Arte Contemporânea, Porto. Doação do artista em 2010', 1);
INSERT INTO Filme VALUES (44627008, 2539, 'Vídeo, p/b e cor, som, 4:3, PAL, 410', 'PT');
INSERT INTO ObraArtista(IDObra, IDArtista) VALUES (44627008, 93485938);

INSERT INTO Obra VALUES (49344279, 'Fire! Hendrix', 1982, 'Col. Fundação de Serralves - Museu de Arte Contemporânea, Porto. Aquisição em 2010', 1);
INSERT INTO Filme VALUES (49344279, 18502, 'Vídeo, cor, som, 4:3, PAL, 313', 'PT');
INSERT INTO ObraArtista(IDObra, IDArtista) VALUES (49344279, 93485938);

INSERT INTO Obra VALUES (87108651, 'Artbreak', 2002, 'Col. Fundação de Serralves - Museu de Arte Contemporânea, Porto. Aquisição em 2010', 1);
INSERT INTO Filme VALUES (87108651, 14084, 'Vídeo, p/b e cor, som, 4:3, PAL, 232', 'PT');
INSERT INTO ObraArtista(IDObra, IDArtista) VALUES (87108651, 93485938);

INSERT INTO Obra VALUES (57816421, 'Local TV News Analysis', 1987, 'Col. Fundação de Serralves - Museu de Arte Contemporânea, Porto. Aquisição em 2010', 1);
INSERT INTO Filme VALUES (57816421, 2143, 'Vídeo, cor, som, 4:3, PAL, 6139', 'PT');
INSERT INTO ObraArtista(IDObra, IDArtista) VALUES (57816421, 93485938);

INSERT INTO Obra VALUES (1380402, 'Damnantion of Faust: Trilogy', 1983, 'Col. Fundação de Serralves - Museu de Arte Contemporânea, Porto. Aquisição em 2010', 1);
INSERT INTO Filme VALUES (1380402, 14645, 'Vídeo,cor, som,4:3, PAL, 2213', 'PT');
INSERT INTO ObraArtista(IDObra, IDArtista) VALUES (1380402, 93485938);

INSERT INTO Obra VALUES (86509959, 'Canon: Taking to the StreetsPart one: Princeton University - Take Back the Night', 1990, 'Col. Fundação de Serralves - Museu de Arte Contemporânea, Porto. Aquisição em 2010', 1);
INSERT INTO Filme VALUES (86509959, 13099, 'Vídeo, p/b e cor, som, 4:3, PAL, 10 08', 'PT');
INSERT INTO ObraArtista(IDObra, IDArtista) VALUES (86509959, 93485938);

INSERT INTO Obra VALUES (4288440, 'Transgressions', 1992, 'Col. Fundação de Serralves - Museu de Arte Contemporânea, Porto. Aquisição em 2010', 1);
INSERT INTO Filme VALUES (4288440, 1186, 'Vídeo, cor, som, 4:3, PAL, 117', 'PT');
INSERT INTO ObraArtista(IDObra, IDArtista) VALUES (4288440, 93485938);

INSERT INTO Obra VALUES (19799902, 'Taegukki 1', 2000, 'Col. Fundação de Serralves - Museu de Arte Contemporânea, Porto. Aquisição em 2010', 1);
INSERT INTO Filme VALUES (19799902, 4312, 'Vídeo, cor, som, 4:3, PAL, 50', 'PT');
INSERT INTO ObraArtista(IDObra, IDArtista) VALUES (19799902, 93485938);

INSERT INTO Obra VALUES (56347365, 'Taegukki 2', 2000, 'Col. Fundação de Serralves - Museu de Arte Contemporânea, Porto. Aquisição em 2010', 1);
INSERT INTO Filme VALUES (56347365, 14823, 'Vídeo, cor, sem som, 4:3, PAL, 20', 'PT');
INSERT INTO ObraArtista(IDObra, IDArtista) VALUES (56347365, 93485938);

INSERT INTO Obra VALUES (1729692, 'A Voyage on the North Sea', 1973, 'Dimensões variáveis', 1);
INSERT INTO Filme VALUES (1729692, 13525, 'Filme (16 mm, p/b, sem som, 423), livro', 'PT');
INSERT INTO ObraArtista(IDObra, IDArtista) VALUES (1729692, 65486065);

INSERT INTO Obra VALUES (31146765, 'Documentation of selected Works', 1971, 'Col. Fundação de Serralves - Museu de Arte Contemporânea, Porto. Aquisição em 1999', 1);
INSERT INTO Filme VALUES (31146765, 4640, 'Vídeo (Betacam), p/b e cor, som, 3458, PAL', 'PT');
INSERT INTO ObraArtista(IDObra, IDArtista) VALUES (31146765, 83876704);

INSERT INTO Obra VALUES (29782250, 'Three Transitions', 1973, 'Col. Fundação de Serralves - Museu de Arte Contemporânea, Porto. Aquisição em 1999', 1);
INSERT INTO Filme VALUES (29782250, 5609, 'Vídeo, cor, som, 4:3, PAL, 453', 'PT');
INSERT INTO ObraArtista(IDObra, IDArtista) VALUES (29782250, 15623192);

INSERT INTO Obra VALUES (46085387, 'Música negativa', 1977, 'Col. Fundação de Serralves - Museu de Arte Contemporânea, Porto. Aquisição em 2007', 1);
INSERT INTO Filme VALUES (46085387, 8630, 'Filme de 16 mm, p/b, sem som, 30 57', 'PT');
INSERT INTO ObraArtista(IDObra, IDArtista) VALUES (46085387, 92951121);

INSERT INTO Obra VALUES (2808238, 'Roda Lume Fogo', 1969, 'Col. Fundação de Serralves - Museu de Arte Contemporânea, Porto. Aquisição em 2007', 1);
INSERT INTO Filme VALUES (2808238, 4442, 'Vídeo (U-matic, PAL, low-band), p/b, som, 300', 'PT');
INSERT INTO ObraArtista(IDObra, IDArtista) VALUES (2808238, 92951121);

INSERT INTO Obra VALUES (17445672, 'Incomunicação à distância = Guerra', 2006, 'Col. Fundação de Serralves - Museu de Arte Contemporânea, Porto. Doação do artista em 2007', 1);
INSERT INTO Filme VALUES (17445672, 2424, 'Vídeo, cor, som (4 elementos)', 'PT');
INSERT INTO ObraArtista(IDObra, IDArtista) VALUES (17445672, 92951121);

INSERT INTO Obra VALUES (6805612, 'Porto Morto', 2010, 'Col. Fundação de Serralves - Museu de Arte Contemporânea, Porto. Aquisição em 2011', 1);
INSERT INTO Filme VALUES (6805612, 12059, 'Vídeo, cor, som, pal, loop, 18’25’’. Ed. 1/3 + 1 P.A.', 'PT');
INSERT INTO ObraArtista(IDObra, IDArtista) VALUES (6805612, 48352370);

INSERT INTO Obra VALUES (19185277, 'Porto Morto', 2010, 'Col. Fundação de Serralves - Museu de Arte Contemporânea, Porto. Aquisição em 2011', 1);
INSERT INTO Filme VALUES (19185277, 18956, 'Vídeo, cor, som, pal, loop, 18’25’’. Ed. 1/3 + 1 P.A.', 'PT');
INSERT INTO ObraArtista(IDObra, IDArtista) VALUES (19185277, 48352370);


/* Vigilante(NIF,IDObra) */

INSERT INTO Vigilante VALUES(101029353,56835104);
INSERT INTO Vigilante VALUES(101029353,19185277);
INSERT INTO Vigilante VALUES(101029353,6805612);
INSERT INTO Vigilante VALUES(101029353,17445672);
INSERT INTO Vigilante VALUES(101029353,26380438);
INSERT INTO Vigilante VALUES(101029353,30733321);
INSERT INTO Vigilante VALUES(121542324,98313696);
INSERT INTO Vigilante VALUES(121542324,44627008);
INSERT INTO Vigilante VALUES(121542324,74916870);
INSERT INTO Vigilante VALUES(121542324,76785580);
INSERT INTO Vigilante VALUES(121542324,41658885);
INSERT INTO Vigilante VALUES(121542324,99940740);
INSERT INTO Vigilante VALUES(121542324,2294147);
INSERT INTO Vigilante VALUES(121542324,85691762);
INSERT INTO Vigilante VALUES(121542324,9989289);
INSERT INTO Vigilante VALUES(144444420,13607155);
INSERT INTO Vigilante VALUES(144444420,2808238);
INSERT INTO Vigilante VALUES(144444420,46085387);
INSERT INTO Vigilante VALUES(144444420,29782250);
INSERT INTO Vigilante VALUES(202020303,55206487);
INSERT INTO Vigilante VALUES(202020303,56843468);
INSERT INTO Vigilante VALUES(202020303,63996670);
INSERT INTO Vigilante VALUES(202020303,94537285);
INSERT INTO Vigilante VALUES(204060809,71278845);
INSERT INTO Vigilante VALUES(204060809,84004544);
INSERT INTO Vigilante VALUES(204060809,89271490);
INSERT INTO Vigilante VALUES(204060809,86304103);
INSERT INTO Vigilante VALUES(204060809,79214873);
INSERT INTO Vigilante VALUES(204060809,86812224);
INSERT INTO Vigilante VALUES(204060809,99508323);
INSERT INTO Vigilante VALUES(204060848,22964637);
INSERT INTO Vigilante VALUES(204060848,62428344);
INSERT INTO Vigilante VALUES(204060848,81897013);
INSERT INTO Vigilante VALUES(204060848,34097599);
INSERT INTO Vigilante VALUES(204060848,87847493);
INSERT INTO Vigilante VALUES(212222333,59909059);
INSERT INTO Vigilante VALUES(212222333,13169005);
INSERT INTO Vigilante VALUES(212222333,57434474);
INSERT INTO Vigilante VALUES(212222333,96421149);
INSERT INTO Vigilante VALUES(212222333,54175343);
INSERT INTO Vigilante VALUES(212222333,43979119);
INSERT INTO Vigilante VALUES(233335324,27157531);
INSERT INTO Vigilante VALUES(233335324,18587539);
INSERT INTO Vigilante VALUES(233335324,53627844);
INSERT INTO Vigilante VALUES(233335324,43135503);
INSERT INTO Vigilante VALUES(233335324,30145782);
INSERT INTO Vigilante VALUES(233335324,40367235);
INSERT INTO Vigilante VALUES(236545335,89847280);
INSERT INTO Vigilante VALUES(236545335,52540548);
INSERT INTO Vigilante VALUES(236545335,21991686);
INSERT INTO Vigilante VALUES(236545335,29489771);
INSERT INTO Vigilante VALUES(236545335,88826934);
INSERT INTO Vigilante VALUES(252020492,15602654);
INSERT INTO Vigilante VALUES(252020492,5669563);
INSERT INTO Vigilante VALUES(252020492,13379980);
INSERT INTO Vigilante VALUES(252020492,29709270);
INSERT INTO Vigilante VALUES(252020492,39009420);
INSERT INTO Vigilante VALUES(256132415,24128182);
INSERT INTO Vigilante VALUES(256132415,40545162);
INSERT INTO Vigilante VALUES(256132415,3565083);
INSERT INTO Vigilante VALUES(256132415,8431679);
INSERT INTO Vigilante VALUES(256132415,3517363);
INSERT INTO Vigilante VALUES(256132415,17237178);
INSERT INTO Vigilante VALUES(256132415,98532621);
INSERT INTO Vigilante VALUES(256132415,36884036);
INSERT INTO Vigilante VALUES(264545173,1729692);
INSERT INTO Vigilante VALUES(264545173,52876770);
INSERT INTO Vigilante VALUES(264545173,92007149);
INSERT INTO Vigilante VALUES(264545173,21942440);
INSERT INTO Vigilante VALUES(264545173,97730734);
INSERT INTO Vigilante VALUES(264545173,34270071);
INSERT INTO Vigilante VALUES(264545173,53417655);
INSERT INTO Vigilante VALUES(264545173,43411172);
INSERT INTO Vigilante VALUES(264545173,1659045);
INSERT INTO Vigilante VALUES(265732173,96494007);
INSERT INTO Vigilante VALUES(265732173,96864765);
INSERT INTO Vigilante VALUES(265732173,50888401);
INSERT INTO Vigilante VALUES(265732173,65897179);
INSERT INTO Vigilante VALUES(265732173,2847232);
INSERT INTO Vigilante VALUES(265732173,30131340);
INSERT INTO Vigilante VALUES(265732173,98476659);
INSERT INTO Vigilante VALUES(265732173,36147477);
INSERT INTO Vigilante VALUES(286783411,2294147);
INSERT INTO Vigilante VALUES(286783411,33884820);
INSERT INTO Vigilante VALUES(286783411,1525323);
INSERT INTO Vigilante VALUES(286783411,92007149);
INSERT INTO Vigilante VALUES(286783411,52876770);
INSERT INTO Vigilante VALUES(286783411,48845999);
INSERT INTO Vigilante VALUES(286783411,98313696);
INSERT INTO Vigilante VALUES(278565321,41658885);
INSERT INTO Vigilante VALUES(278565321,96494007);
INSERT INTO Vigilante VALUES(278565321,58018747);
INSERT INTO Vigilante VALUES(278565321,65237444);
INSERT INTO Vigilante VALUES(278565321,12843095);
INSERT INTO Vigilante VALUES(278565321,93880231);
INSERT INTO Vigilante VALUES(278565321,15246250);
INSERT INTO Vigilante VALUES(278565321,26441314);
INSERT INTO Vigilante VALUES(398563478,74879768);
INSERT INTO Vigilante VALUES(398563478,11318333);
INSERT INTO Vigilante VALUES(398563478,28019232);
INSERT INTO Vigilante VALUES(398563478,3517640);
INSERT INTO Vigilante VALUES(398563478,55206487);
INSERT INTO Vigilante VALUES(398563478,10545388);
INSERT INTO Vigilante VALUES(576309283,17401699);
INSERT INTO Vigilante VALUES(576309283,57257894);
INSERT INTO Vigilante VALUES(576309283,30733321);
INSERT INTO Vigilante VALUES(576309283,87078930);
INSERT INTO Vigilante VALUES(576309283,4431310);
INSERT INTO Vigilante VALUES(576309283,79810689);
INSERT INTO Vigilante VALUES(576309283,51874023);
INSERT INTO Vigilante VALUES(576309283,68376285);
INSERT INTO Vigilante VALUES(643572859,10545388);
INSERT INTO Vigilante VALUES(643572859,37348142);
INSERT INTO Vigilante VALUES(643572859,46900722);
INSERT INTO Vigilante VALUES(643572859,10123300);
INSERT INTO Vigilante VALUES(643572859,85176785);
INSERT INTO Vigilante VALUES(643572859,75361167);
INSERT INTO Vigilante VALUES(643572859,74358167);
INSERT INTO Vigilante VALUES(643572859,54457705);
INSERT INTO Vigilante VALUES(879367829,40367235);
INSERT INTO Vigilante VALUES(879367829,7421731);
INSERT INTO Vigilante VALUES(879367829,88948544);
INSERT INTO Vigilante VALUES(879367829,3264517);
INSERT INTO Vigilante VALUES(879367829,33178158);
INSERT INTO Vigilante VALUES(879367829,83566767);
INSERT INTO Vigilante VALUES(879367829,12158641);
